2024-07-10 10:17:13,692 [Worker-1: Loading available Gradle versions] INFO  o.e.b.c.i.u.g.PublishedGradleVersions - Gradle version information cache is out-of-date. Trying to update.
2024-07-10 10:26:45,151 [Worker-0: Creating project "examen_1"] INFO  o.e.m.c.i.e.AbstractTransferListenerAdapter - Downloading https://repo.maven.apache.org/maven2/org/apache/maven/plugins/maven-clean-plugin/2.5/maven-clean-plugin-2.5.jar
2024-07-10 10:26:45,310 [Worker-0: Creating project "examen_1"] INFO  o.e.m.c.i.e.AbstractTransferListenerAdapter - Downloaded https://repo.maven.apache.org/maven2/org/apache/maven/plugins/maven-clean-plugin/2.5/maven-clean-plugin-2.5.jar
2024-07-10 10:26:45,413 [Worker-0: Creating project "examen_1"] INFO  o.e.m.c.i.e.AbstractTransferListenerAdapter - Downloading https://repo.maven.apache.org/maven2/org/apache/maven/plugins/maven-resources-plugin/2.6/maven-resources-plugin-2.6.jar
2024-07-10 10:26:45,765 [Worker-0: Creating project "examen_1"] INFO  o.e.m.c.i.e.AbstractTransferListenerAdapter - Downloaded https://repo.maven.apache.org/maven2/org/apache/maven/plugins/maven-resources-plugin/2.6/maven-resources-plugin-2.6.jar
2024-07-10 10:26:45,868 [Worker-0: Creating project "examen_1"] INFO  o.e.m.c.i.e.AbstractTransferListenerAdapter - Downloading https://repo.maven.apache.org/maven2/org/apache/maven/plugins/maven-compiler-plugin/3.1/maven-compiler-plugin-3.1.jar
2024-07-10 10:26:46,019 [Worker-0: Creating project "examen_1"] INFO  o.e.m.c.i.e.AbstractTransferListenerAdapter - Downloaded https://repo.maven.apache.org/maven2/org/apache/maven/plugins/maven-compiler-plugin/3.1/maven-compiler-plugin-3.1.jar
2024-07-10 10:26:46,134 [Worker-0: Creating project "examen_1"] INFO  o.e.m.c.i.e.AbstractTransferListenerAdapter - Downloading https://repo.maven.apache.org/maven2/org/apache/maven/plugins/maven-surefire-plugin/2.12.4/maven-surefire-plugin-2.12.4.jar
2024-07-10 10:26:46,271 [Worker-0: Creating project "examen_1"] INFO  o.e.m.c.i.e.AbstractTransferListenerAdapter - Downloaded https://repo.maven.apache.org/maven2/org/apache/maven/plugins/maven-surefire-plugin/2.12.4/maven-surefire-plugin-2.12.4.jar
2024-07-10 10:26:46,356 [Worker-0: Creating project "examen_1"] INFO  o.e.m.c.i.e.AbstractTransferListenerAdapter - Downloading https://repo.maven.apache.org/maven2/org/apache/maven/plugins/maven-jar-plugin/2.4/maven-jar-plugin-2.4.jar
2024-07-10 10:26:46,510 [Worker-0: Creating project "examen_1"] INFO  o.e.m.c.i.e.AbstractTransferListenerAdapter - Downloaded https://repo.maven.apache.org/maven2/org/apache/maven/plugins/maven-jar-plugin/2.4/maven-jar-plugin-2.4.jar
2024-07-10 10:26:46,624 [Worker-0: Creating project "examen_1"] INFO  o.e.m.c.i.e.AbstractTransferListenerAdapter - Downloading https://repo.maven.apache.org/maven2/org/apache/maven/plugins/maven-install-plugin/2.4/maven-install-plugin-2.4.jar
2024-07-10 10:26:46,727 [Worker-0: Creating project "examen_1"] INFO  o.e.m.c.i.e.AbstractTransferListenerAdapter - Downloaded https://repo.maven.apache.org/maven2/org/apache/maven/plugins/maven-install-plugin/2.4/maven-install-plugin-2.4.jar
2024-07-10 10:26:46,814 [Worker-0: Creating project "examen_1"] INFO  o.e.m.c.i.e.AbstractTransferListenerAdapter - Downloading https://repo.maven.apache.org/maven2/org/apache/maven/plugins/maven-deploy-plugin/2.7/maven-deploy-plugin-2.7.jar
2024-07-10 10:26:46,930 [Worker-0: Creating project "examen_1"] INFO  o.e.m.c.i.e.AbstractTransferListenerAdapter - Downloaded https://repo.maven.apache.org/maven2/org/apache/maven/plugins/maven-deploy-plugin/2.7/maven-deploy-plugin-2.7.jar
2024-07-10 10:26:47,054 [Worker-0: Creating project "examen_1"] INFO  o.e.m.c.i.e.AbstractTransferListenerAdapter - Downloading https://repo.maven.apache.org/maven2/org/apache/maven/plugins/maven-compiler-plugin/3.1/maven-compiler-plugin-3.1.pom
2024-07-10 10:26:47,103 [Worker-0: Creating project "examen_1"] INFO  o.e.m.c.i.e.AbstractTransferListenerAdapter - Downloaded https://repo.maven.apache.org/maven2/org/apache/maven/plugins/maven-compiler-plugin/3.1/maven-compiler-plugin-3.1.pom
2024-07-10 10:26:47,123 [Worker-0: Creating project "examen_1"] INFO  o.e.m.c.i.e.AbstractTransferListenerAdapter - Downloading https://repo.maven.apache.org/maven2/org/apache/maven/plugins/maven-plugins/24/maven-plugins-24.pom
2024-07-10 10:26:47,430 [Worker-0: Creating project "examen_1"] INFO  o.e.m.c.i.e.AbstractTransferListenerAdapter - Downloaded https://repo.maven.apache.org/maven2/org/apache/maven/plugins/maven-plugins/24/maven-plugins-24.pom
2024-07-10 10:26:47,509 [Worker-0: Creating project "examen_1"] INFO  o.e.m.c.i.e.AbstractTransferListenerAdapter - Downloading https://repo.maven.apache.org/maven2/org/apache/maven/maven-plugin-api/2.0.9/maven-plugin-api-2.0.9.pom
2024-07-10 10:26:47,533 [Worker-0: Creating project "examen_1"] INFO  o.e.m.c.i.e.AbstractTransferListenerAdapter - Downloaded https://repo.maven.apache.org/maven2/org/apache/maven/maven-plugin-api/2.0.9/maven-plugin-api-2.0.9.pom
2024-07-10 10:26:47,565 [Worker-0: Creating project "examen_1"] INFO  o.e.m.c.i.e.AbstractTransferListenerAdapter - Downloading https://repo.maven.apache.org/maven2/org/apache/maven/maven/2.0.9/maven-2.0.9.pom
2024-07-10 10:26:47,610 [Worker-0: Creating project "examen_1"] INFO  o.e.m.c.i.e.AbstractTransferListenerAdapter - Downloaded https://repo.maven.apache.org/maven2/org/apache/maven/maven/2.0.9/maven-2.0.9.pom
2024-07-10 10:26:47,620 [Worker-0: Creating project "examen_1"] INFO  o.e.m.c.i.e.AbstractTransferListenerAdapter - Downloading https://repo.maven.apache.org/maven2/org/apache/maven/maven-parent/8/maven-parent-8.pom
2024-07-10 10:26:47,653 [Worker-0: Creating project "examen_1"] INFO  o.e.m.c.i.e.AbstractTransferListenerAdapter - Downloaded https://repo.maven.apache.org/maven2/org/apache/maven/maven-parent/8/maven-parent-8.pom
2024-07-10 10:26:47,662 [Worker-0: Creating project "examen_1"] INFO  o.e.m.c.i.e.AbstractTransferListenerAdapter - Downloading https://repo.maven.apache.org/maven2/org/apache/apache/4/apache-4.pom
2024-07-10 10:26:47,683 [Worker-0: Creating project "examen_1"] INFO  o.e.m.c.i.e.AbstractTransferListenerAdapter - Downloaded https://repo.maven.apache.org/maven2/org/apache/apache/4/apache-4.pom
2024-07-10 10:26:47,696 [Worker-0: Creating project "examen_1"] INFO  o.e.m.c.i.e.AbstractTransferListenerAdapter - Downloading https://repo.maven.apache.org/maven2/org/apache/maven/maven-artifact/2.0.9/maven-artifact-2.0.9.pom
2024-07-10 10:26:47,717 [Worker-0: Creating project "examen_1"] INFO  o.e.m.c.i.e.AbstractTransferListenerAdapter - Downloaded https://repo.maven.apache.org/maven2/org/apache/maven/maven-artifact/2.0.9/maven-artifact-2.0.9.pom
2024-07-10 10:26:47,729 [Worker-0: Creating project "examen_1"] INFO  o.e.m.c.i.e.AbstractTransferListenerAdapter - Downloading https://repo.maven.apache.org/maven2/org/codehaus/plexus/plexus-utils/1.5.1/plexus-utils-1.5.1.pom
2024-07-10 10:26:47,752 [Worker-0: Creating project "examen_1"] INFO  o.e.m.c.i.e.AbstractTransferListenerAdapter - Downloaded https://repo.maven.apache.org/maven2/org/codehaus/plexus/plexus-utils/1.5.1/plexus-utils-1.5.1.pom
2024-07-10 10:26:47,777 [Worker-0: Creating project "examen_1"] INFO  o.e.m.c.i.e.AbstractTransferListenerAdapter - Downloading https://repo.maven.apache.org/maven2/org/apache/maven/maven-core/2.0.9/maven-core-2.0.9.pom
2024-07-10 10:26:47,800 [Worker-0: Creating project "examen_1"] INFO  o.e.m.c.i.e.AbstractTransferListenerAdapter - Downloaded https://repo.maven.apache.org/maven2/org/apache/maven/maven-core/2.0.9/maven-core-2.0.9.pom
2024-07-10 10:26:47,812 [Worker-0: Creating project "examen_1"] INFO  o.e.m.c.i.e.AbstractTransferListenerAdapter - Downloading https://repo.maven.apache.org/maven2/org/apache/maven/maven-settings/2.0.9/maven-settings-2.0.9.pom
2024-07-10 10:26:47,833 [Worker-0: Creating project "examen_1"] INFO  o.e.m.c.i.e.AbstractTransferListenerAdapter - Downloaded https://repo.maven.apache.org/maven2/org/apache/maven/maven-settings/2.0.9/maven-settings-2.0.9.pom
2024-07-10 10:26:47,847 [Worker-0: Creating project "examen_1"] INFO  o.e.m.c.i.e.AbstractTransferListenerAdapter - Downloading https://repo.maven.apache.org/maven2/org/apache/maven/maven-model/2.0.9/maven-model-2.0.9.pom
2024-07-10 10:26:47,873 [Worker-0: Creating project "examen_1"] INFO  o.e.m.c.i.e.AbstractTransferListenerAdapter - Downloaded https://repo.maven.apache.org/maven2/org/apache/maven/maven-model/2.0.9/maven-model-2.0.9.pom
2024-07-10 10:26:47,890 [Worker-0: Creating project "examen_1"] INFO  o.e.m.c.i.e.AbstractTransferListenerAdapter - Downloading https://repo.maven.apache.org/maven2/org/apache/maven/maven-plugin-parameter-documenter/2.0.9/maven-plugin-parameter-documenter-2.0.9.pom
2024-07-10 10:26:47,925 [Worker-0: Creating project "examen_1"] INFO  o.e.m.c.i.e.AbstractTransferListenerAdapter - Downloaded https://repo.maven.apache.org/maven2/org/apache/maven/maven-plugin-parameter-documenter/2.0.9/maven-plugin-parameter-documenter-2.0.9.pom
2024-07-10 10:26:47,937 [Worker-0: Creating project "examen_1"] INFO  o.e.m.c.i.e.AbstractTransferListenerAdapter - Downloading https://repo.maven.apache.org/maven2/org/apache/maven/maven-profile/2.0.9/maven-profile-2.0.9.pom
2024-07-10 10:26:47,974 [Worker-0: Creating project "examen_1"] INFO  o.e.m.c.i.e.AbstractTransferListenerAdapter - Downloaded https://repo.maven.apache.org/maven2/org/apache/maven/maven-profile/2.0.9/maven-profile-2.0.9.pom
2024-07-10 10:26:47,989 [Worker-0: Creating project "examen_1"] INFO  o.e.m.c.i.e.AbstractTransferListenerAdapter - Downloading https://repo.maven.apache.org/maven2/org/apache/maven/maven-repository-metadata/2.0.9/maven-repository-metadata-2.0.9.pom
2024-07-10 10:26:48,022 [Worker-0: Creating project "examen_1"] INFO  o.e.m.c.i.e.AbstractTransferListenerAdapter - Downloaded https://repo.maven.apache.org/maven2/org/apache/maven/maven-repository-metadata/2.0.9/maven-repository-metadata-2.0.9.pom
2024-07-10 10:26:48,036 [Worker-0: Creating project "examen_1"] INFO  o.e.m.c.i.e.AbstractTransferListenerAdapter - Downloading https://repo.maven.apache.org/maven2/org/apache/maven/maven-error-diagnostics/2.0.9/maven-error-diagnostics-2.0.9.pom
2024-07-10 10:26:48,062 [Worker-0: Creating project "examen_1"] INFO  o.e.m.c.i.e.AbstractTransferListenerAdapter - Downloaded https://repo.maven.apache.org/maven2/org/apache/maven/maven-error-diagnostics/2.0.9/maven-error-diagnostics-2.0.9.pom
2024-07-10 10:26:48,072 [Worker-0: Creating project "examen_1"] INFO  o.e.m.c.i.e.AbstractTransferListenerAdapter - Downloading https://repo.maven.apache.org/maven2/org/apache/maven/maven-project/2.0.9/maven-project-2.0.9.pom
2024-07-10 10:26:48,096 [Worker-0: Creating project "examen_1"] INFO  o.e.m.c.i.e.AbstractTransferListenerAdapter - Downloaded https://repo.maven.apache.org/maven2/org/apache/maven/maven-project/2.0.9/maven-project-2.0.9.pom
2024-07-10 10:26:48,107 [Worker-0: Creating project "examen_1"] INFO  o.e.m.c.i.e.AbstractTransferListenerAdapter - Downloading https://repo.maven.apache.org/maven2/org/apache/maven/maven-artifact-manager/2.0.9/maven-artifact-manager-2.0.9.pom
2024-07-10 10:26:48,132 [Worker-0: Creating project "examen_1"] INFO  o.e.m.c.i.e.AbstractTransferListenerAdapter - Downloaded https://repo.maven.apache.org/maven2/org/apache/maven/maven-artifact-manager/2.0.9/maven-artifact-manager-2.0.9.pom
2024-07-10 10:26:48,143 [Worker-0: Creating project "examen_1"] INFO  o.e.m.c.i.e.AbstractTransferListenerAdapter - Downloading https://repo.maven.apache.org/maven2/org/apache/maven/maven-plugin-registry/2.0.9/maven-plugin-registry-2.0.9.pom
2024-07-10 10:26:48,172 [Worker-0: Creating project "examen_1"] INFO  o.e.m.c.i.e.AbstractTransferListenerAdapter - Downloaded https://repo.maven.apache.org/maven2/org/apache/maven/maven-plugin-registry/2.0.9/maven-plugin-registry-2.0.9.pom
2024-07-10 10:26:48,186 [Worker-0: Creating project "examen_1"] INFO  o.e.m.c.i.e.AbstractTransferListenerAdapter - Downloading https://repo.maven.apache.org/maven2/org/apache/maven/maven-plugin-descriptor/2.0.9/maven-plugin-descriptor-2.0.9.pom
2024-07-10 10:26:48,208 [Worker-0: Creating project "examen_1"] INFO  o.e.m.c.i.e.AbstractTransferListenerAdapter - Downloaded https://repo.maven.apache.org/maven2/org/apache/maven/maven-plugin-descriptor/2.0.9/maven-plugin-descriptor-2.0.9.pom
2024-07-10 10:26:48,217 [Worker-0: Creating project "examen_1"] INFO  o.e.m.c.i.e.AbstractTransferListenerAdapter - Downloading https://repo.maven.apache.org/maven2/org/apache/maven/maven-monitor/2.0.9/maven-monitor-2.0.9.pom
2024-07-10 10:26:48,237 [Worker-0: Creating project "examen_1"] INFO  o.e.m.c.i.e.AbstractTransferListenerAdapter - Downloaded https://repo.maven.apache.org/maven2/org/apache/maven/maven-monitor/2.0.9/maven-monitor-2.0.9.pom
2024-07-10 10:26:48,251 [Worker-0: Creating project "examen_1"] INFO  o.e.m.c.i.e.AbstractTransferListenerAdapter - Downloading https://repo.maven.apache.org/maven2/org/apache/maven/maven-toolchain/1.0/maven-toolchain-1.0.pom
2024-07-10 10:26:48,273 [Worker-0: Creating project "examen_1"] INFO  o.e.m.c.i.e.AbstractTransferListenerAdapter - Downloaded https://repo.maven.apache.org/maven2/org/apache/maven/maven-toolchain/1.0/maven-toolchain-1.0.pom
2024-07-10 10:26:48,286 [Worker-0: Creating project "examen_1"] INFO  o.e.m.c.i.e.AbstractTransferListenerAdapter - Downloading https://repo.maven.apache.org/maven2/org/apache/maven/maven/2.0.6/maven-2.0.6.pom
2024-07-10 10:26:48,308 [Worker-0: Creating project "examen_1"] INFO  o.e.m.c.i.e.AbstractTransferListenerAdapter - Downloaded https://repo.maven.apache.org/maven2/org/apache/maven/maven/2.0.6/maven-2.0.6.pom
2024-07-10 10:26:48,315 [Worker-0: Creating project "examen_1"] INFO  o.e.m.c.i.e.AbstractTransferListenerAdapter - Downloading https://repo.maven.apache.org/maven2/org/apache/maven/maven-parent/5/maven-parent-5.pom
2024-07-10 10:26:48,341 [Worker-0: Creating project "examen_1"] INFO  o.e.m.c.i.e.AbstractTransferListenerAdapter - Downloaded https://repo.maven.apache.org/maven2/org/apache/maven/maven-parent/5/maven-parent-5.pom
2024-07-10 10:26:48,349 [Worker-0: Creating project "examen_1"] INFO  o.e.m.c.i.e.AbstractTransferListenerAdapter - Downloading https://repo.maven.apache.org/maven2/org/apache/apache/3/apache-3.pom
2024-07-10 10:26:48,377 [Worker-0: Creating project "examen_1"] INFO  o.e.m.c.i.e.AbstractTransferListenerAdapter - Downloaded https://repo.maven.apache.org/maven2/org/apache/apache/3/apache-3.pom
2024-07-10 10:26:48,388 [Worker-0: Creating project "examen_1"] INFO  o.e.m.c.i.e.AbstractTransferListenerAdapter - Downloading https://repo.maven.apache.org/maven2/org/apache/maven/maven-core/2.0.6/maven-core-2.0.6.pom
2024-07-10 10:26:48,410 [Worker-0: Creating project "examen_1"] INFO  o.e.m.c.i.e.AbstractTransferListenerAdapter - Downloaded https://repo.maven.apache.org/maven2/org/apache/maven/maven-core/2.0.6/maven-core-2.0.6.pom
2024-07-10 10:26:48,419 [Worker-0: Creating project "examen_1"] INFO  o.e.m.c.i.e.AbstractTransferListenerAdapter - Downloading https://repo.maven.apache.org/maven2/org/apache/maven/maven-settings/2.0.6/maven-settings-2.0.6.pom
2024-07-10 10:26:48,455 [Worker-0: Creating project "examen_1"] INFO  o.e.m.c.i.e.AbstractTransferListenerAdapter - Downloaded https://repo.maven.apache.org/maven2/org/apache/maven/maven-settings/2.0.6/maven-settings-2.0.6.pom
2024-07-10 10:26:48,467 [Worker-0: Creating project "examen_1"] INFO  o.e.m.c.i.e.AbstractTransferListenerAdapter - Downloading https://repo.maven.apache.org/maven2/org/apache/maven/maven-model/2.0.6/maven-model-2.0.6.pom
2024-07-10 10:26:48,494 [Worker-0: Creating project "examen_1"] INFO  o.e.m.c.i.e.AbstractTransferListenerAdapter - Downloaded https://repo.maven.apache.org/maven2/org/apache/maven/maven-model/2.0.6/maven-model-2.0.6.pom
2024-07-10 10:26:48,501 [Worker-0: Creating project "examen_1"] INFO  o.e.m.c.i.e.AbstractTransferListenerAdapter - Downloading https://repo.maven.apache.org/maven2/org/codehaus/plexus/plexus-utils/1.4.1/plexus-utils-1.4.1.pom
2024-07-10 10:26:48,523 [Worker-0: Creating project "examen_1"] INFO  o.e.m.c.i.e.AbstractTransferListenerAdapter - Downloaded https://repo.maven.apache.org/maven2/org/codehaus/plexus/plexus-utils/1.4.1/plexus-utils-1.4.1.pom
2024-07-10 10:26:48,532 [Worker-0: Creating project "examen_1"] INFO  o.e.m.c.i.e.AbstractTransferListenerAdapter - Downloading https://repo.maven.apache.org/maven2/org/codehaus/plexus/plexus-container-default/1.0-alpha-9-stable-1/plexus-container-default-1.0-alpha-9-stable-1.pom
2024-07-10 10:26:48,553 [Worker-0: Creating project "examen_1"] INFO  o.e.m.c.i.e.AbstractTransferListenerAdapter - Downloaded https://repo.maven.apache.org/maven2/org/codehaus/plexus/plexus-container-default/1.0-alpha-9-stable-1/plexus-container-default-1.0-alpha-9-stable-1.pom
2024-07-10 10:26:48,563 [Worker-0: Creating project "examen_1"] INFO  o.e.m.c.i.e.AbstractTransferListenerAdapter - Downloading https://repo.maven.apache.org/maven2/org/codehaus/plexus/plexus-containers/1.0.3/plexus-containers-1.0.3.pom
2024-07-10 10:26:48,586 [Worker-0: Creating project "examen_1"] INFO  o.e.m.c.i.e.AbstractTransferListenerAdapter - Downloaded https://repo.maven.apache.org/maven2/org/codehaus/plexus/plexus-containers/1.0.3/plexus-containers-1.0.3.pom
2024-07-10 10:26:48,595 [Worker-0: Creating project "examen_1"] INFO  o.e.m.c.i.e.AbstractTransferListenerAdapter - Downloading https://repo.maven.apache.org/maven2/org/codehaus/plexus/plexus/1.0.4/plexus-1.0.4.pom
2024-07-10 10:26:48,621 [Worker-0: Creating project "examen_1"] INFO  o.e.m.c.i.e.AbstractTransferListenerAdapter - Downloaded https://repo.maven.apache.org/maven2/org/codehaus/plexus/plexus/1.0.4/plexus-1.0.4.pom
2024-07-10 10:26:48,653 [Worker-0: Creating project "examen_1"] INFO  o.e.m.c.i.e.AbstractTransferListenerAdapter - Downloading https://repo.maven.apache.org/maven2/org/codehaus/plexus/plexus-utils/1.0.4/plexus-utils-1.0.4.pom
2024-07-10 10:26:48,675 [Worker-0: Creating project "examen_1"] INFO  o.e.m.c.i.e.AbstractTransferListenerAdapter - Downloaded https://repo.maven.apache.org/maven2/org/codehaus/plexus/plexus-utils/1.0.4/plexus-utils-1.0.4.pom
2024-07-10 10:26:48,684 [Worker-0: Creating project "examen_1"] INFO  o.e.m.c.i.e.AbstractTransferListenerAdapter - Downloading https://repo.maven.apache.org/maven2/classworlds/classworlds/1.1-alpha-2/classworlds-1.1-alpha-2.pom
2024-07-10 10:26:48,706 [Worker-0: Creating project "examen_1"] INFO  o.e.m.c.i.e.AbstractTransferListenerAdapter - Downloaded https://repo.maven.apache.org/maven2/classworlds/classworlds/1.1-alpha-2/classworlds-1.1-alpha-2.pom
2024-07-10 10:26:48,713 [Worker-0: Creating project "examen_1"] INFO  o.e.m.c.i.e.AbstractTransferListenerAdapter - Downloading https://repo.maven.apache.org/maven2/org/apache/maven/maven-plugin-parameter-documenter/2.0.6/maven-plugin-parameter-documenter-2.0.6.pom
2024-07-10 10:26:48,735 [Worker-0: Creating project "examen_1"] INFO  o.e.m.c.i.e.AbstractTransferListenerAdapter - Downloaded https://repo.maven.apache.org/maven2/org/apache/maven/maven-plugin-parameter-documenter/2.0.6/maven-plugin-parameter-documenter-2.0.6.pom
2024-07-10 10:26:48,745 [Worker-0: Creating project "examen_1"] INFO  o.e.m.c.i.e.AbstractTransferListenerAdapter - Downloading https://repo.maven.apache.org/maven2/org/apache/maven/reporting/maven-reporting-api/2.0.6/maven-reporting-api-2.0.6.pom
2024-07-10 10:26:48,768 [Worker-0: Creating project "examen_1"] INFO  o.e.m.c.i.e.AbstractTransferListenerAdapter - Downloaded https://repo.maven.apache.org/maven2/org/apache/maven/reporting/maven-reporting-api/2.0.6/maven-reporting-api-2.0.6.pom
2024-07-10 10:26:48,776 [Worker-0: Creating project "examen_1"] INFO  o.e.m.c.i.e.AbstractTransferListenerAdapter - Downloading https://repo.maven.apache.org/maven2/org/apache/maven/reporting/maven-reporting/2.0.6/maven-reporting-2.0.6.pom
2024-07-10 10:26:48,798 [Worker-0: Creating project "examen_1"] INFO  o.e.m.c.i.e.AbstractTransferListenerAdapter - Downloaded https://repo.maven.apache.org/maven2/org/apache/maven/reporting/maven-reporting/2.0.6/maven-reporting-2.0.6.pom
2024-07-10 10:26:48,806 [Worker-0: Creating project "examen_1"] INFO  o.e.m.c.i.e.AbstractTransferListenerAdapter - Downloading https://repo.maven.apache.org/maven2/org/apache/maven/doxia/doxia-sink-api/1.0-alpha-7/doxia-sink-api-1.0-alpha-7.pom
2024-07-10 10:26:48,825 [Worker-0: Creating project "examen_1"] INFO  o.e.m.c.i.e.AbstractTransferListenerAdapter - Downloaded https://repo.maven.apache.org/maven2/org/apache/maven/doxia/doxia-sink-api/1.0-alpha-7/doxia-sink-api-1.0-alpha-7.pom
2024-07-10 10:26:48,832 [Worker-0: Creating project "examen_1"] INFO  o.e.m.c.i.e.AbstractTransferListenerAdapter - Downloading https://repo.maven.apache.org/maven2/org/apache/maven/doxia/doxia/1.0-alpha-7/doxia-1.0-alpha-7.pom
2024-07-10 10:26:48,860 [Worker-0: Creating project "examen_1"] INFO  o.e.m.c.i.e.AbstractTransferListenerAdapter - Downloaded https://repo.maven.apache.org/maven2/org/apache/maven/doxia/doxia/1.0-alpha-7/doxia-1.0-alpha-7.pom
2024-07-10 10:26:48,868 [Worker-0: Creating project "examen_1"] INFO  o.e.m.c.i.e.AbstractTransferListenerAdapter - Downloading https://repo.maven.apache.org/maven2/org/apache/maven/maven-profile/2.0.6/maven-profile-2.0.6.pom
2024-07-10 10:26:48,890 [Worker-0: Creating project "examen_1"] INFO  o.e.m.c.i.e.AbstractTransferListenerAdapter - Downloaded https://repo.maven.apache.org/maven2/org/apache/maven/maven-profile/2.0.6/maven-profile-2.0.6.pom
2024-07-10 10:26:48,899 [Worker-0: Creating project "examen_1"] INFO  o.e.m.c.i.e.AbstractTransferListenerAdapter - Downloading https://repo.maven.apache.org/maven2/org/apache/maven/maven-artifact/2.0.6/maven-artifact-2.0.6.pom
2024-07-10 10:26:48,921 [Worker-0: Creating project "examen_1"] INFO  o.e.m.c.i.e.AbstractTransferListenerAdapter - Downloaded https://repo.maven.apache.org/maven2/org/apache/maven/maven-artifact/2.0.6/maven-artifact-2.0.6.pom
2024-07-10 10:26:48,930 [Worker-0: Creating project "examen_1"] INFO  o.e.m.c.i.e.AbstractTransferListenerAdapter - Downloading https://repo.maven.apache.org/maven2/org/apache/maven/maven-repository-metadata/2.0.6/maven-repository-metadata-2.0.6.pom
2024-07-10 10:26:48,955 [Worker-0: Creating project "examen_1"] INFO  o.e.m.c.i.e.AbstractTransferListenerAdapter - Downloaded https://repo.maven.apache.org/maven2/org/apache/maven/maven-repository-metadata/2.0.6/maven-repository-metadata-2.0.6.pom
2024-07-10 10:26:48,991 [Worker-0: Creating project "examen_1"] INFO  o.e.m.c.i.e.AbstractTransferListenerAdapter - Downloading https://repo.maven.apache.org/maven2/org/apache/maven/maven-error-diagnostics/2.0.6/maven-error-diagnostics-2.0.6.pom
2024-07-10 10:26:49,022 [Worker-0: Creating project "examen_1"] INFO  o.e.m.c.i.e.AbstractTransferListenerAdapter - Downloaded https://repo.maven.apache.org/maven2/org/apache/maven/maven-error-diagnostics/2.0.6/maven-error-diagnostics-2.0.6.pom
2024-07-10 10:26:49,032 [Worker-0: Creating project "examen_1"] INFO  o.e.m.c.i.e.AbstractTransferListenerAdapter - Downloading https://repo.maven.apache.org/maven2/org/apache/maven/maven-project/2.0.6/maven-project-2.0.6.pom
2024-07-10 10:26:49,055 [Worker-0: Creating project "examen_1"] INFO  o.e.m.c.i.e.AbstractTransferListenerAdapter - Downloaded https://repo.maven.apache.org/maven2/org/apache/maven/maven-project/2.0.6/maven-project-2.0.6.pom
2024-07-10 10:26:49,067 [Worker-0: Creating project "examen_1"] INFO  o.e.m.c.i.e.AbstractTransferListenerAdapter - Downloading https://repo.maven.apache.org/maven2/org/apache/maven/maven-artifact-manager/2.0.6/maven-artifact-manager-2.0.6.pom
2024-07-10 10:26:49,090 [Worker-0: Creating project "examen_1"] INFO  o.e.m.c.i.e.AbstractTransferListenerAdapter - Downloaded https://repo.maven.apache.org/maven2/org/apache/maven/maven-artifact-manager/2.0.6/maven-artifact-manager-2.0.6.pom
2024-07-10 10:26:49,099 [Worker-0: Creating project "examen_1"] INFO  o.e.m.c.i.e.AbstractTransferListenerAdapter - Downloading https://repo.maven.apache.org/maven2/org/apache/maven/maven-plugin-registry/2.0.6/maven-plugin-registry-2.0.6.pom
2024-07-10 10:26:49,123 [Worker-0: Creating project "examen_1"] INFO  o.e.m.c.i.e.AbstractTransferListenerAdapter - Downloaded https://repo.maven.apache.org/maven2/org/apache/maven/maven-plugin-registry/2.0.6/maven-plugin-registry-2.0.6.pom
2024-07-10 10:26:49,131 [Worker-0: Creating project "examen_1"] INFO  o.e.m.c.i.e.AbstractTransferListenerAdapter - Downloading https://repo.maven.apache.org/maven2/commons-cli/commons-cli/1.0/commons-cli-1.0.pom
2024-07-10 10:26:49,151 [Worker-0: Creating project "examen_1"] INFO  o.e.m.c.i.e.AbstractTransferListenerAdapter - Downloaded https://repo.maven.apache.org/maven2/commons-cli/commons-cli/1.0/commons-cli-1.0.pom
2024-07-10 10:26:49,162 [Worker-0: Creating project "examen_1"] INFO  o.e.m.c.i.e.AbstractTransferListenerAdapter - Downloading https://repo.maven.apache.org/maven2/org/apache/maven/maven-plugin-api/2.0.6/maven-plugin-api-2.0.6.pom
2024-07-10 10:26:49,184 [Worker-0: Creating project "examen_1"] INFO  o.e.m.c.i.e.AbstractTransferListenerAdapter - Downloaded https://repo.maven.apache.org/maven2/org/apache/maven/maven-plugin-api/2.0.6/maven-plugin-api-2.0.6.pom
2024-07-10 10:26:49,204 [Worker-0: Creating project "examen_1"] INFO  o.e.m.c.i.e.AbstractTransferListenerAdapter - Downloading https://repo.maven.apache.org/maven2/org/apache/maven/maven-plugin-descriptor/2.0.6/maven-plugin-descriptor-2.0.6.pom
2024-07-10 10:26:49,227 [Worker-0: Creating project "examen_1"] INFO  o.e.m.c.i.e.AbstractTransferListenerAdapter - Downloaded https://repo.maven.apache.org/maven2/org/apache/maven/maven-plugin-descriptor/2.0.6/maven-plugin-descriptor-2.0.6.pom
2024-07-10 10:26:49,237 [Worker-0: Creating project "examen_1"] INFO  o.e.m.c.i.e.AbstractTransferListenerAdapter - Downloading https://repo.maven.apache.org/maven2/org/codehaus/plexus/plexus-interactivity-api/1.0-alpha-4/plexus-interactivity-api-1.0-alpha-4.pom
2024-07-10 10:26:49,259 [Worker-0: Creating project "examen_1"] INFO  o.e.m.c.i.e.AbstractTransferListenerAdapter - Downloaded https://repo.maven.apache.org/maven2/org/codehaus/plexus/plexus-interactivity-api/1.0-alpha-4/plexus-interactivity-api-1.0-alpha-4.pom
2024-07-10 10:26:49,267 [Worker-0: Creating project "examen_1"] INFO  o.e.m.c.i.e.AbstractTransferListenerAdapter - Downloading https://repo.maven.apache.org/maven2/org/apache/maven/maven-monitor/2.0.6/maven-monitor-2.0.6.pom
2024-07-10 10:26:49,292 [Worker-0: Creating project "examen_1"] INFO  o.e.m.c.i.e.AbstractTransferListenerAdapter - Downloaded https://repo.maven.apache.org/maven2/org/apache/maven/maven-monitor/2.0.6/maven-monitor-2.0.6.pom
2024-07-10 10:26:49,300 [Worker-0: Creating project "examen_1"] INFO  o.e.m.c.i.e.AbstractTransferListenerAdapter - Downloading https://repo.maven.apache.org/maven2/classworlds/classworlds/1.1/classworlds-1.1.pom
2024-07-10 10:26:49,321 [Worker-0: Creating project "examen_1"] INFO  o.e.m.c.i.e.AbstractTransferListenerAdapter - Downloaded https://repo.maven.apache.org/maven2/classworlds/classworlds/1.1/classworlds-1.1.pom
2024-07-10 10:26:49,644 [Worker-0: Creating project "examen_1"] INFO  o.e.m.c.i.e.AbstractTransferListenerAdapter - Downloading https://repo.maven.apache.org/maven2/org/slf4j/slf4j-jdk14/1.5.6/slf4j-jdk14-1.5.6.pom
2024-07-10 10:26:49,685 [Worker-0: Creating project "examen_1"] INFO  o.e.m.c.i.e.AbstractTransferListenerAdapter - Downloaded https://repo.maven.apache.org/maven2/org/slf4j/slf4j-jdk14/1.5.6/slf4j-jdk14-1.5.6.pom
2024-07-10 10:26:49,694 [Worker-0: Creating project "examen_1"] INFO  o.e.m.c.i.e.AbstractTransferListenerAdapter - Downloading https://repo.maven.apache.org/maven2/org/slf4j/slf4j-parent/1.5.6/slf4j-parent-1.5.6.pom
2024-07-10 10:26:49,720 [Worker-0: Creating project "examen_1"] INFO  o.e.m.c.i.e.AbstractTransferListenerAdapter - Downloaded https://repo.maven.apache.org/maven2/org/slf4j/slf4j-parent/1.5.6/slf4j-parent-1.5.6.pom
2024-07-10 10:26:49,738 [Worker-0: Creating project "examen_1"] INFO  o.e.m.c.i.e.AbstractTransferListenerAdapter - Downloading https://repo.maven.apache.org/maven2/org/slf4j/slf4j-api/1.5.6/slf4j-api-1.5.6.pom
2024-07-10 10:26:49,766 [Worker-0: Creating project "examen_1"] INFO  o.e.m.c.i.e.AbstractTransferListenerAdapter - Downloaded https://repo.maven.apache.org/maven2/org/slf4j/slf4j-api/1.5.6/slf4j-api-1.5.6.pom
2024-07-10 10:26:49,772 [Worker-0: Creating project "examen_1"] INFO  o.e.m.c.i.e.AbstractTransferListenerAdapter - Downloading https://repo.maven.apache.org/maven2/org/slf4j/jcl-over-slf4j/1.5.6/jcl-over-slf4j-1.5.6.pom
2024-07-10 10:26:49,797 [Worker-0: Creating project "examen_1"] INFO  o.e.m.c.i.e.AbstractTransferListenerAdapter - Downloaded https://repo.maven.apache.org/maven2/org/slf4j/jcl-over-slf4j/1.5.6/jcl-over-slf4j-1.5.6.pom
2024-07-10 10:26:49,819 [Worker-0: Creating project "examen_1"] INFO  o.e.m.c.i.e.AbstractTransferListenerAdapter - Downloading https://repo.maven.apache.org/maven2/org/apache/maven/maven-artifact/2.2.1/maven-artifact-2.2.1.pom
2024-07-10 10:26:49,844 [Worker-0: Creating project "examen_1"] INFO  o.e.m.c.i.e.AbstractTransferListenerAdapter - Downloaded https://repo.maven.apache.org/maven2/org/apache/maven/maven-artifact/2.2.1/maven-artifact-2.2.1.pom
2024-07-10 10:26:50,102 [Worker-0: Creating project "examen_1"] INFO  o.e.m.c.i.e.AbstractTransferListenerAdapter - Downloading https://repo.maven.apache.org/maven2/org/codehaus/plexus/plexus-compiler-api/2.2/plexus-compiler-api-2.2.pom
2024-07-10 10:26:50,132 [Worker-0: Creating project "examen_1"] INFO  o.e.m.c.i.e.AbstractTransferListenerAdapter - Downloaded https://repo.maven.apache.org/maven2/org/codehaus/plexus/plexus-compiler-api/2.2/plexus-compiler-api-2.2.pom
2024-07-10 10:26:50,141 [Worker-0: Creating project "examen_1"] INFO  o.e.m.c.i.e.AbstractTransferListenerAdapter - Downloading https://repo.maven.apache.org/maven2/org/codehaus/plexus/plexus-compiler/2.2/plexus-compiler-2.2.pom
2024-07-10 10:26:50,163 [Worker-0: Creating project "examen_1"] INFO  o.e.m.c.i.e.AbstractTransferListenerAdapter - Downloaded https://repo.maven.apache.org/maven2/org/codehaus/plexus/plexus-compiler/2.2/plexus-compiler-2.2.pom
2024-07-10 10:26:50,230 [Worker-0: Creating project "examen_1"] INFO  o.e.m.c.i.e.AbstractTransferListenerAdapter - Downloading https://repo.maven.apache.org/maven2/org/codehaus/plexus/plexus-utils/3.0.8/plexus-utils-3.0.8.pom
2024-07-10 10:26:50,254 [Worker-0: Creating project "examen_1"] INFO  o.e.m.c.i.e.AbstractTransferListenerAdapter - Downloaded https://repo.maven.apache.org/maven2/org/codehaus/plexus/plexus-utils/3.0.8/plexus-utils-3.0.8.pom
2024-07-10 10:26:50,266 [Worker-0: Creating project "examen_1"] INFO  o.e.m.c.i.e.AbstractTransferListenerAdapter - Downloading https://repo.maven.apache.org/maven2/org/codehaus/plexus/plexus/3.2/plexus-3.2.pom
2024-07-10 10:26:50,288 [Worker-0: Creating project "examen_1"] INFO  o.e.m.c.i.e.AbstractTransferListenerAdapter - Downloaded https://repo.maven.apache.org/maven2/org/codehaus/plexus/plexus/3.2/plexus-3.2.pom
2024-07-10 10:26:50,298 [Worker-0: Creating project "examen_1"] INFO  o.e.m.c.i.e.AbstractTransferListenerAdapter - Downloading https://repo.maven.apache.org/maven2/org/codehaus/plexus/plexus-compiler-manager/2.2/plexus-compiler-manager-2.2.pom
2024-07-10 10:26:50,324 [Worker-0: Creating project "examen_1"] INFO  o.e.m.c.i.e.AbstractTransferListenerAdapter - Downloaded https://repo.maven.apache.org/maven2/org/codehaus/plexus/plexus-compiler-manager/2.2/plexus-compiler-manager-2.2.pom
2024-07-10 10:26:50,334 [Worker-0: Creating project "examen_1"] INFO  o.e.m.c.i.e.AbstractTransferListenerAdapter - Downloading https://repo.maven.apache.org/maven2/org/codehaus/plexus/plexus-compiler-javac/2.2/plexus-compiler-javac-2.2.pom
2024-07-10 10:26:50,356 [Worker-0: Creating project "examen_1"] INFO  o.e.m.c.i.e.AbstractTransferListenerAdapter - Downloaded https://repo.maven.apache.org/maven2/org/codehaus/plexus/plexus-compiler-javac/2.2/plexus-compiler-javac-2.2.pom
2024-07-10 10:26:50,365 [Worker-0: Creating project "examen_1"] INFO  o.e.m.c.i.e.AbstractTransferListenerAdapter - Downloading https://repo.maven.apache.org/maven2/org/codehaus/plexus/plexus-compilers/2.2/plexus-compilers-2.2.pom
2024-07-10 10:26:50,385 [Worker-0: Creating project "examen_1"] INFO  o.e.m.c.i.e.AbstractTransferListenerAdapter - Downloaded https://repo.maven.apache.org/maven2/org/codehaus/plexus/plexus-compilers/2.2/plexus-compilers-2.2.pom
2024-07-10 10:26:50,392 [Worker-0: Creating project "examen_1"] INFO  o.e.m.c.i.e.AbstractTransferListenerAdapter - Downloading https://repo.maven.apache.org/maven2/org/codehaus/plexus/plexus-container-default/1.5.5/plexus-container-default-1.5.5.pom
2024-07-10 10:26:50,415 [Worker-0: Creating project "examen_1"] INFO  o.e.m.c.i.e.AbstractTransferListenerAdapter - Downloaded https://repo.maven.apache.org/maven2/org/codehaus/plexus/plexus-container-default/1.5.5/plexus-container-default-1.5.5.pom
2024-07-10 10:26:50,421 [Worker-0: Creating project "examen_1"] INFO  o.e.m.c.i.e.AbstractTransferListenerAdapter - Downloading https://repo.maven.apache.org/maven2/org/codehaus/plexus/plexus-utils/1.4.5/plexus-utils-1.4.5.pom
2024-07-10 10:26:50,447 [Worker-0: Creating project "examen_1"] INFO  o.e.m.c.i.e.AbstractTransferListenerAdapter - Downloaded https://repo.maven.apache.org/maven2/org/codehaus/plexus/plexus-utils/1.4.5/plexus-utils-1.4.5.pom
2024-07-10 10:26:50,456 [Worker-0: Creating project "examen_1"] INFO  o.e.m.c.i.e.AbstractTransferListenerAdapter - Downloading https://repo.maven.apache.org/maven2/org/codehaus/plexus/plexus-classworlds/2.2.2/plexus-classworlds-2.2.2.pom
2024-07-10 10:26:50,478 [Worker-0: Creating project "examen_1"] INFO  o.e.m.c.i.e.AbstractTransferListenerAdapter - Downloaded https://repo.maven.apache.org/maven2/org/codehaus/plexus/plexus-classworlds/2.2.2/plexus-classworlds-2.2.2.pom
2024-07-10 10:26:50,490 [Worker-0: Creating project "examen_1"] INFO  o.e.m.c.i.e.AbstractTransferListenerAdapter - Downloading https://repo.maven.apache.org/maven2/org/codehaus/plexus/plexus/2.0.3/plexus-2.0.3.pom
2024-07-10 10:26:50,522 [Worker-0: Creating project "examen_1"] INFO  o.e.m.c.i.e.AbstractTransferListenerAdapter - Downloaded https://repo.maven.apache.org/maven2/org/codehaus/plexus/plexus/2.0.3/plexus-2.0.3.pom
2024-07-10 10:26:50,534 [Worker-0: Creating project "examen_1"] INFO  o.e.m.c.i.e.AbstractTransferListenerAdapter - Downloading https://repo.maven.apache.org/maven2/org/apache/xbean/xbean-reflect/3.4/xbean-reflect-3.4.pom
2024-07-10 10:26:50,561 [Worker-0: Creating project "examen_1"] INFO  o.e.m.c.i.e.AbstractTransferListenerAdapter - Downloaded https://repo.maven.apache.org/maven2/org/apache/xbean/xbean-reflect/3.4/xbean-reflect-3.4.pom
2024-07-10 10:26:50,583 [Worker-0: Creating project "examen_1"] INFO  o.e.m.c.i.e.AbstractTransferListenerAdapter - Downloading https://repo.maven.apache.org/maven2/org/apache/xbean/xbean/3.4/xbean-3.4.pom
2024-07-10 10:26:50,611 [Worker-0: Creating project "examen_1"] INFO  o.e.m.c.i.e.AbstractTransferListenerAdapter - Downloaded https://repo.maven.apache.org/maven2/org/apache/xbean/xbean/3.4/xbean-3.4.pom
2024-07-10 10:26:50,626 [Worker-0: Creating project "examen_1"] INFO  o.e.m.c.i.e.AbstractTransferListenerAdapter - Downloading https://repo.maven.apache.org/maven2/log4j/log4j/1.2.12/log4j-1.2.12.pom
2024-07-10 10:26:50,648 [Worker-0: Creating project "examen_1"] INFO  o.e.m.c.i.e.AbstractTransferListenerAdapter - Downloaded https://repo.maven.apache.org/maven2/log4j/log4j/1.2.12/log4j-1.2.12.pom
2024-07-10 10:26:50,656 [Worker-0: Creating project "examen_1"] INFO  o.e.m.c.i.e.AbstractTransferListenerAdapter - Downloading https://repo.maven.apache.org/maven2/commons-logging/commons-logging-api/1.1/commons-logging-api-1.1.pom
2024-07-10 10:26:50,689 [Worker-0: Creating project "examen_1"] INFO  o.e.m.c.i.e.AbstractTransferListenerAdapter - Downloaded https://repo.maven.apache.org/maven2/commons-logging/commons-logging-api/1.1/commons-logging-api-1.1.pom
2024-07-10 10:26:50,704 [Worker-0: Creating project "examen_1"] INFO  o.e.m.c.i.e.AbstractTransferListenerAdapter - Downloading https://repo.maven.apache.org/maven2/com/google/collections/google-collections/1.0/google-collections-1.0.pom
2024-07-10 10:26:50,729 [Worker-0: Creating project "examen_1"] INFO  o.e.m.c.i.e.AbstractTransferListenerAdapter - Downloaded https://repo.maven.apache.org/maven2/com/google/collections/google-collections/1.0/google-collections-1.0.pom
2024-07-10 10:26:50,737 [Worker-0: Creating project "examen_1"] INFO  o.e.m.c.i.e.AbstractTransferListenerAdapter - Downloading https://repo.maven.apache.org/maven2/com/google/google/1/google-1.pom
2024-07-10 10:26:50,761 [Worker-0: Creating project "examen_1"] INFO  o.e.m.c.i.e.AbstractTransferListenerAdapter - Downloaded https://repo.maven.apache.org/maven2/com/google/google/1/google-1.pom
2024-07-10 10:26:50,772 [Worker-0: Creating project "examen_1"] INFO  o.e.m.c.i.e.AbstractTransferListenerAdapter - Downloading https://repo.maven.apache.org/maven2/junit/junit/3.8.2/junit-3.8.2.pom
2024-07-10 10:26:50,796 [Worker-0: Creating project "examen_1"] INFO  o.e.m.c.i.e.AbstractTransferListenerAdapter - Downloaded https://repo.maven.apache.org/maven2/junit/junit/3.8.2/junit-3.8.2.pom
2024-07-10 10:26:50,825 [AetherRepositoryConnector-repo.maven.apache.org-0-0] INFO  o.e.m.c.i.e.AbstractTransferListenerAdapter - Downloading https://repo.maven.apache.org/maven2/org/apache/maven/maven-plugin-api/2.0.9/maven-plugin-api-2.0.9.jar
2024-07-10 10:26:50,827 [AetherRepositoryConnector-repo.maven.apache.org-0-1] INFO  o.e.m.c.i.e.AbstractTransferListenerAdapter - Downloading https://repo.maven.apache.org/maven2/org/apache/maven/maven-artifact/2.0.9/maven-artifact-2.0.9.jar
2024-07-10 10:26:50,832 [AetherRepositoryConnector-repo.maven.apache.org-0-4] INFO  o.e.m.c.i.e.AbstractTransferListenerAdapter - Downloading https://repo.maven.apache.org/maven2/org/apache/maven/maven-settings/2.0.9/maven-settings-2.0.9.jar
2024-07-10 10:26:50,887 [AetherRepositoryConnector-repo.maven.apache.org-0-2] INFO  o.e.m.c.i.e.AbstractTransferListenerAdapter - Downloading https://repo.maven.apache.org/maven2/org/codehaus/plexus/plexus-utils/1.5.1/plexus-utils-1.5.1.jar
2024-07-10 10:26:50,887 [AetherRepositoryConnector-repo.maven.apache.org-0-3] INFO  o.e.m.c.i.e.AbstractTransferListenerAdapter - Downloading https://repo.maven.apache.org/maven2/org/apache/maven/maven-core/2.0.9/maven-core-2.0.9.jar
2024-07-10 10:26:50,986 [AetherRepositoryConnector-repo.maven.apache.org-0-0] INFO  o.e.m.c.i.e.AbstractTransferListenerAdapter - Downloaded https://repo.maven.apache.org/maven2/org/apache/maven/maven-plugin-api/2.0.9/maven-plugin-api-2.0.9.jar
2024-07-10 10:26:51,023 [AetherRepositoryConnector-repo.maven.apache.org-0-1] INFO  o.e.m.c.i.e.AbstractTransferListenerAdapter - Downloaded https://repo.maven.apache.org/maven2/org/apache/maven/maven-artifact/2.0.9/maven-artifact-2.0.9.jar
2024-07-10 10:26:51,064 [AetherRepositoryConnector-repo.maven.apache.org-0-0] INFO  o.e.m.c.i.e.AbstractTransferListenerAdapter - Downloading https://repo.maven.apache.org/maven2/org/apache/maven/maven-plugin-parameter-documenter/2.0.9/maven-plugin-parameter-documenter-2.0.9.jar
2024-07-10 10:26:51,069 [AetherRepositoryConnector-repo.maven.apache.org-0-1] INFO  o.e.m.c.i.e.AbstractTransferListenerAdapter - Downloading https://repo.maven.apache.org/maven2/org/apache/maven/maven-profile/2.0.9/maven-profile-2.0.9.jar
2024-07-10 10:26:51,085 [AetherRepositoryConnector-repo.maven.apache.org-0-2] INFO  o.e.m.c.i.e.AbstractTransferListenerAdapter - Downloaded https://repo.maven.apache.org/maven2/org/codehaus/plexus/plexus-utils/1.5.1/plexus-utils-1.5.1.jar
2024-07-10 10:26:51,095 [AetherRepositoryConnector-repo.maven.apache.org-0-3] INFO  o.e.m.c.i.e.AbstractTransferListenerAdapter - Downloaded https://repo.maven.apache.org/maven2/org/apache/maven/maven-core/2.0.9/maven-core-2.0.9.jar
2024-07-10 10:26:51,112 [AetherRepositoryConnector-repo.maven.apache.org-0-2] INFO  o.e.m.c.i.e.AbstractTransferListenerAdapter - Downloading https://repo.maven.apache.org/maven2/org/apache/maven/maven-model/2.0.9/maven-model-2.0.9.jar
2024-07-10 10:26:51,158 [AetherRepositoryConnector-repo.maven.apache.org-0-4] INFO  o.e.m.c.i.e.AbstractTransferListenerAdapter - Downloaded https://repo.maven.apache.org/maven2/org/apache/maven/maven-settings/2.0.9/maven-settings-2.0.9.jar
2024-07-10 10:26:51,160 [AetherRepositoryConnector-repo.maven.apache.org-0-3] INFO  o.e.m.c.i.e.AbstractTransferListenerAdapter - Downloading https://repo.maven.apache.org/maven2/org/apache/maven/maven-repository-metadata/2.0.9/maven-repository-metadata-2.0.9.jar
2024-07-10 10:26:51,163 [AetherRepositoryConnector-repo.maven.apache.org-0-4] INFO  o.e.m.c.i.e.AbstractTransferListenerAdapter - Downloading https://repo.maven.apache.org/maven2/org/apache/maven/maven-error-diagnostics/2.0.9/maven-error-diagnostics-2.0.9.jar
2024-07-10 10:26:51,171 [AetherRepositoryConnector-repo.maven.apache.org-0-0] INFO  o.e.m.c.i.e.AbstractTransferListenerAdapter - Downloaded https://repo.maven.apache.org/maven2/org/apache/maven/maven-plugin-parameter-documenter/2.0.9/maven-plugin-parameter-documenter-2.0.9.jar
2024-07-10 10:26:51,176 [AetherRepositoryConnector-repo.maven.apache.org-0-2] INFO  o.e.m.c.i.e.AbstractTransferListenerAdapter - Downloaded https://repo.maven.apache.org/maven2/org/apache/maven/maven-model/2.0.9/maven-model-2.0.9.jar
2024-07-10 10:26:51,180 [AetherRepositoryConnector-repo.maven.apache.org-0-0] INFO  o.e.m.c.i.e.AbstractTransferListenerAdapter - Downloading https://repo.maven.apache.org/maven2/org/apache/maven/maven-project/2.0.9/maven-project-2.0.9.jar
2024-07-10 10:26:51,211 [AetherRepositoryConnector-repo.maven.apache.org-0-2] INFO  o.e.m.c.i.e.AbstractTransferListenerAdapter - Downloading https://repo.maven.apache.org/maven2/org/apache/maven/maven-plugin-registry/2.0.9/maven-plugin-registry-2.0.9.jar
2024-07-10 10:26:51,238 [AetherRepositoryConnector-repo.maven.apache.org-0-0] INFO  o.e.m.c.i.e.AbstractTransferListenerAdapter - Downloaded https://repo.maven.apache.org/maven2/org/apache/maven/maven-project/2.0.9/maven-project-2.0.9.jar
2024-07-10 10:26:51,243 [AetherRepositoryConnector-repo.maven.apache.org-0-0] INFO  o.e.m.c.i.e.AbstractTransferListenerAdapter - Downloading https://repo.maven.apache.org/maven2/org/apache/maven/maven-plugin-descriptor/2.0.9/maven-plugin-descriptor-2.0.9.jar
2024-07-10 10:26:51,247 [AetherRepositoryConnector-repo.maven.apache.org-0-1] INFO  o.e.m.c.i.e.AbstractTransferListenerAdapter - Downloaded https://repo.maven.apache.org/maven2/org/apache/maven/maven-profile/2.0.9/maven-profile-2.0.9.jar
2024-07-10 10:26:51,254 [AetherRepositoryConnector-repo.maven.apache.org-0-1] INFO  o.e.m.c.i.e.AbstractTransferListenerAdapter - Downloading https://repo.maven.apache.org/maven2/org/apache/maven/maven-artifact-manager/2.0.9/maven-artifact-manager-2.0.9.jar
2024-07-10 10:26:51,259 [AetherRepositoryConnector-repo.maven.apache.org-0-3] INFO  o.e.m.c.i.e.AbstractTransferListenerAdapter - Downloaded https://repo.maven.apache.org/maven2/org/apache/maven/maven-repository-metadata/2.0.9/maven-repository-metadata-2.0.9.jar
2024-07-10 10:26:51,264 [AetherRepositoryConnector-repo.maven.apache.org-0-3] INFO  o.e.m.c.i.e.AbstractTransferListenerAdapter - Downloading https://repo.maven.apache.org/maven2/org/apache/maven/maven-monitor/2.0.9/maven-monitor-2.0.9.jar
2024-07-10 10:26:51,275 [AetherRepositoryConnector-repo.maven.apache.org-0-4] INFO  o.e.m.c.i.e.AbstractTransferListenerAdapter - Downloaded https://repo.maven.apache.org/maven2/org/apache/maven/maven-error-diagnostics/2.0.9/maven-error-diagnostics-2.0.9.jar
2024-07-10 10:26:51,280 [AetherRepositoryConnector-repo.maven.apache.org-0-4] INFO  o.e.m.c.i.e.AbstractTransferListenerAdapter - Downloading https://repo.maven.apache.org/maven2/org/apache/maven/maven-toolchain/1.0/maven-toolchain-1.0.jar
2024-07-10 10:26:51,294 [AetherRepositoryConnector-repo.maven.apache.org-0-1] INFO  o.e.m.c.i.e.AbstractTransferListenerAdapter - Downloaded https://repo.maven.apache.org/maven2/org/apache/maven/maven-artifact-manager/2.0.9/maven-artifact-manager-2.0.9.jar
2024-07-10 10:26:51,302 [AetherRepositoryConnector-repo.maven.apache.org-0-1] INFO  o.e.m.c.i.e.AbstractTransferListenerAdapter - Downloading https://repo.maven.apache.org/maven2/org/apache/maven/shared/maven-shared-utils/0.1/maven-shared-utils-0.1.jar
2024-07-10 10:26:51,343 [AetherRepositoryConnector-repo.maven.apache.org-0-4] INFO  o.e.m.c.i.e.AbstractTransferListenerAdapter - Downloaded https://repo.maven.apache.org/maven2/org/apache/maven/maven-toolchain/1.0/maven-toolchain-1.0.jar
2024-07-10 10:26:51,349 [AetherRepositoryConnector-repo.maven.apache.org-0-3] INFO  o.e.m.c.i.e.AbstractTransferListenerAdapter - Downloaded https://repo.maven.apache.org/maven2/org/apache/maven/maven-monitor/2.0.9/maven-monitor-2.0.9.jar
2024-07-10 10:26:51,351 [AetherRepositoryConnector-repo.maven.apache.org-0-4] INFO  o.e.m.c.i.e.AbstractTransferListenerAdapter - Downloading https://repo.maven.apache.org/maven2/org/codehaus/plexus/plexus-compiler-api/2.2/plexus-compiler-api-2.2.jar
2024-07-10 10:26:51,356 [AetherRepositoryConnector-repo.maven.apache.org-0-3] INFO  o.e.m.c.i.e.AbstractTransferListenerAdapter - Downloading https://repo.maven.apache.org/maven2/org/codehaus/plexus/plexus-compiler-manager/2.2/plexus-compiler-manager-2.2.jar
2024-07-10 10:26:51,365 [AetherRepositoryConnector-repo.maven.apache.org-0-1] INFO  o.e.m.c.i.e.AbstractTransferListenerAdapter - Downloaded https://repo.maven.apache.org/maven2/org/apache/maven/shared/maven-shared-utils/0.1/maven-shared-utils-0.1.jar
2024-07-10 10:26:51,366 [AetherRepositoryConnector-repo.maven.apache.org-0-2] INFO  o.e.m.c.i.e.AbstractTransferListenerAdapter - Downloaded https://repo.maven.apache.org/maven2/org/apache/maven/maven-plugin-registry/2.0.9/maven-plugin-registry-2.0.9.jar
2024-07-10 10:26:51,374 [AetherRepositoryConnector-repo.maven.apache.org-0-1] INFO  o.e.m.c.i.e.AbstractTransferListenerAdapter - Downloading https://repo.maven.apache.org/maven2/org/codehaus/plexus/plexus-compiler-javac/2.2/plexus-compiler-javac-2.2.jar
2024-07-10 10:26:51,378 [AetherRepositoryConnector-repo.maven.apache.org-0-2] INFO  o.e.m.c.i.e.AbstractTransferListenerAdapter - Downloading https://repo.maven.apache.org/maven2/org/codehaus/plexus/plexus-container-default/1.5.5/plexus-container-default-1.5.5.jar
2024-07-10 10:26:51,436 [AetherRepositoryConnector-repo.maven.apache.org-0-0] INFO  o.e.m.c.i.e.AbstractTransferListenerAdapter - Downloaded https://repo.maven.apache.org/maven2/org/apache/maven/maven-plugin-descriptor/2.0.9/maven-plugin-descriptor-2.0.9.jar
2024-07-10 10:26:51,436 [AetherRepositoryConnector-repo.maven.apache.org-0-3] INFO  o.e.m.c.i.e.AbstractTransferListenerAdapter - Downloaded https://repo.maven.apache.org/maven2/org/codehaus/plexus/plexus-compiler-manager/2.2/plexus-compiler-manager-2.2.jar
2024-07-10 10:26:51,444 [AetherRepositoryConnector-repo.maven.apache.org-0-3] INFO  o.e.m.c.i.e.AbstractTransferListenerAdapter - Downloading https://repo.maven.apache.org/maven2/org/codehaus/plexus/plexus-classworlds/2.2.2/plexus-classworlds-2.2.2.jar
2024-07-10 10:26:51,452 [AetherRepositoryConnector-repo.maven.apache.org-0-0] INFO  o.e.m.c.i.e.AbstractTransferListenerAdapter - Downloading https://repo.maven.apache.org/maven2/org/apache/xbean/xbean-reflect/3.4/xbean-reflect-3.4.jar
2024-07-10 10:26:51,479 [AetherRepositoryConnector-repo.maven.apache.org-0-2] INFO  o.e.m.c.i.e.AbstractTransferListenerAdapter - Downloaded https://repo.maven.apache.org/maven2/org/codehaus/plexus/plexus-container-default/1.5.5/plexus-container-default-1.5.5.jar
2024-07-10 10:26:51,483 [AetherRepositoryConnector-repo.maven.apache.org-0-2] INFO  o.e.m.c.i.e.AbstractTransferListenerAdapter - Downloading https://repo.maven.apache.org/maven2/log4j/log4j/1.2.12/log4j-1.2.12.jar
2024-07-10 10:26:51,493 [AetherRepositoryConnector-repo.maven.apache.org-0-1] INFO  o.e.m.c.i.e.AbstractTransferListenerAdapter - Downloaded https://repo.maven.apache.org/maven2/org/codehaus/plexus/plexus-compiler-javac/2.2/plexus-compiler-javac-2.2.jar
2024-07-10 10:26:51,542 [AetherRepositoryConnector-repo.maven.apache.org-0-1] INFO  o.e.m.c.i.e.AbstractTransferListenerAdapter - Downloading https://repo.maven.apache.org/maven2/commons-logging/commons-logging-api/1.1/commons-logging-api-1.1.jar
2024-07-10 10:26:51,551 [AetherRepositoryConnector-repo.maven.apache.org-0-0] INFO  o.e.m.c.i.e.AbstractTransferListenerAdapter - Downloaded https://repo.maven.apache.org/maven2/org/apache/xbean/xbean-reflect/3.4/xbean-reflect-3.4.jar
2024-07-10 10:26:51,574 [AetherRepositoryConnector-repo.maven.apache.org-0-0] INFO  o.e.m.c.i.e.AbstractTransferListenerAdapter - Downloading https://repo.maven.apache.org/maven2/com/google/collections/google-collections/1.0/google-collections-1.0.jar
2024-07-10 10:26:51,583 [AetherRepositoryConnector-repo.maven.apache.org-0-4] INFO  o.e.m.c.i.e.AbstractTransferListenerAdapter - Downloaded https://repo.maven.apache.org/maven2/org/codehaus/plexus/plexus-compiler-api/2.2/plexus-compiler-api-2.2.jar
2024-07-10 10:26:51,618 [AetherRepositoryConnector-repo.maven.apache.org-0-4] INFO  o.e.m.c.i.e.AbstractTransferListenerAdapter - Downloading https://repo.maven.apache.org/maven2/junit/junit/3.8.2/junit-3.8.2.jar
2024-07-10 10:26:51,635 [AetherRepositoryConnector-repo.maven.apache.org-0-2] INFO  o.e.m.c.i.e.AbstractTransferListenerAdapter - Downloaded https://repo.maven.apache.org/maven2/log4j/log4j/1.2.12/log4j-1.2.12.jar
2024-07-10 10:26:51,708 [AetherRepositoryConnector-repo.maven.apache.org-0-4] INFO  o.e.m.c.i.e.AbstractTransferListenerAdapter - Downloaded https://repo.maven.apache.org/maven2/junit/junit/3.8.2/junit-3.8.2.jar
2024-07-10 10:26:51,726 [AetherRepositoryConnector-repo.maven.apache.org-0-3] INFO  o.e.m.c.i.e.AbstractTransferListenerAdapter - Downloaded https://repo.maven.apache.org/maven2/org/codehaus/plexus/plexus-classworlds/2.2.2/plexus-classworlds-2.2.2.jar
2024-07-10 10:26:51,728 [AetherRepositoryConnector-repo.maven.apache.org-0-0] INFO  o.e.m.c.i.e.AbstractTransferListenerAdapter - Downloaded https://repo.maven.apache.org/maven2/com/google/collections/google-collections/1.0/google-collections-1.0.jar
2024-07-10 10:26:51,775 [AetherRepositoryConnector-repo.maven.apache.org-0-1] INFO  o.e.m.c.i.e.AbstractTransferListenerAdapter - Downloaded https://repo.maven.apache.org/maven2/commons-logging/commons-logging-api/1.1/commons-logging-api-1.1.jar
2024-07-10 10:26:52,570 [Worker-0: Creating project "examen_1"] INFO  o.e.m.c.i.l.LifecycleMappingFactory - Using org.eclipse.m2e.jdt.JarLifecycleMapping lifecycle mapping for MavenProject: ar.edu.et32:examen_1:0.0.1-SNAPSHOT @ C:\Users\Redes-04\Documents\GitHub\ProgSobreRedes\examen_1\pom.xml.
2024-07-10 10:26:52,709 [Worker-0: Creating project "examen_1"] INFO  o.e.m.c.i.e.AbstractTransferListenerAdapter - Downloading https://repo.maven.apache.org/maven2/org/apache/maven/plugins/maven-resources-plugin/2.6/maven-resources-plugin-2.6.pom
2024-07-10 10:26:52,732 [Worker-0: Creating project "examen_1"] INFO  o.e.m.c.i.e.AbstractTransferListenerAdapter - Downloaded https://repo.maven.apache.org/maven2/org/apache/maven/plugins/maven-resources-plugin/2.6/maven-resources-plugin-2.6.pom
2024-07-10 10:26:52,740 [Worker-0: Creating project "examen_1"] INFO  o.e.m.c.i.e.AbstractTransferListenerAdapter - Downloading https://repo.maven.apache.org/maven2/org/apache/maven/plugins/maven-plugins/23/maven-plugins-23.pom
2024-07-10 10:26:52,763 [Worker-0: Creating project "examen_1"] INFO  o.e.m.c.i.e.AbstractTransferListenerAdapter - Downloaded https://repo.maven.apache.org/maven2/org/apache/maven/plugins/maven-plugins/23/maven-plugins-23.pom
2024-07-10 10:26:52,777 [Worker-0: Creating project "examen_1"] INFO  o.e.m.c.i.e.AbstractTransferListenerAdapter - Downloading https://repo.maven.apache.org/maven2/org/apache/maven/plugins/maven-surefire-plugin/2.12.4/maven-surefire-plugin-2.12.4.pom
2024-07-10 10:26:52,803 [Worker-0: Creating project "examen_1"] INFO  o.e.m.c.i.e.AbstractTransferListenerAdapter - Downloaded https://repo.maven.apache.org/maven2/org/apache/maven/plugins/maven-surefire-plugin/2.12.4/maven-surefire-plugin-2.12.4.pom
2024-07-10 10:26:52,813 [Worker-0: Creating project "examen_1"] INFO  o.e.m.c.i.e.AbstractTransferListenerAdapter - Downloading https://repo.maven.apache.org/maven2/org/apache/maven/surefire/surefire/2.12.4/surefire-2.12.4.pom
2024-07-10 10:26:52,836 [Worker-0: Creating project "examen_1"] INFO  o.e.m.c.i.e.AbstractTransferListenerAdapter - Downloaded https://repo.maven.apache.org/maven2/org/apache/maven/surefire/surefire/2.12.4/surefire-2.12.4.pom
2024-07-10 10:26:52,847 [Worker-0: Creating project "examen_1"] INFO  o.e.m.c.i.e.AbstractTransferListenerAdapter - Downloading https://repo.maven.apache.org/maven2/org/apache/maven/plugins/maven-jar-plugin/2.4/maven-jar-plugin-2.4.pom
2024-07-10 10:26:52,868 [Worker-0: Creating project "examen_1"] INFO  o.e.m.c.i.e.AbstractTransferListenerAdapter - Downloaded https://repo.maven.apache.org/maven2/org/apache/maven/plugins/maven-jar-plugin/2.4/maven-jar-plugin-2.4.pom
2024-07-10 10:26:52,874 [Worker-0: Creating project "examen_1"] INFO  o.e.m.c.i.e.AbstractTransferListenerAdapter - Downloading https://repo.maven.apache.org/maven2/org/apache/maven/plugins/maven-plugins/22/maven-plugins-22.pom
2024-07-10 10:26:52,897 [Worker-0: Creating project "examen_1"] INFO  o.e.m.c.i.e.AbstractTransferListenerAdapter - Downloaded https://repo.maven.apache.org/maven2/org/apache/maven/plugins/maven-plugins/22/maven-plugins-22.pom
2024-07-10 10:26:52,904 [Worker-0: Creating project "examen_1"] INFO  o.e.m.c.i.e.AbstractTransferListenerAdapter - Downloading https://repo.maven.apache.org/maven2/org/apache/maven/maven-parent/21/maven-parent-21.pom
2024-07-10 10:26:52,930 [Worker-0: Creating project "examen_1"] INFO  o.e.m.c.i.e.AbstractTransferListenerAdapter - Downloaded https://repo.maven.apache.org/maven2/org/apache/maven/maven-parent/21/maven-parent-21.pom
2024-07-10 10:26:52,937 [Worker-0: Creating project "examen_1"] INFO  o.e.m.c.i.e.AbstractTransferListenerAdapter - Downloading https://repo.maven.apache.org/maven2/org/apache/apache/10/apache-10.pom
2024-07-10 10:26:52,960 [Worker-0: Creating project "examen_1"] INFO  o.e.m.c.i.e.AbstractTransferListenerAdapter - Downloaded https://repo.maven.apache.org/maven2/org/apache/apache/10/apache-10.pom
2024-07-10 10:26:52,980 [Worker-0: Creating project "examen_1"] INFO  o.e.m.c.i.e.AbstractTransferListenerAdapter - Downloading https://repo.maven.apache.org/maven2/org/apache/maven/maven-archiver/2.5/maven-archiver-2.5.pom
2024-07-10 10:26:53,002 [Worker-0: Creating project "examen_1"] INFO  o.e.m.c.i.e.AbstractTransferListenerAdapter - Downloaded https://repo.maven.apache.org/maven2/org/apache/maven/maven-archiver/2.5/maven-archiver-2.5.pom
2024-07-10 10:26:53,008 [Worker-0: Creating project "examen_1"] INFO  o.e.m.c.i.e.AbstractTransferListenerAdapter - Downloading https://repo.maven.apache.org/maven2/org/apache/maven/shared/maven-shared-components/17/maven-shared-components-17.pom
2024-07-10 10:26:53,036 [Worker-0: Creating project "examen_1"] INFO  o.e.m.c.i.e.AbstractTransferListenerAdapter - Downloaded https://repo.maven.apache.org/maven2/org/apache/maven/shared/maven-shared-components/17/maven-shared-components-17.pom
2024-07-10 10:26:53,048 [Worker-0: Creating project "examen_1"] INFO  o.e.m.c.i.e.AbstractTransferListenerAdapter - Downloading https://repo.maven.apache.org/maven2/org/codehaus/plexus/plexus-archiver/2.1/plexus-archiver-2.1.pom
2024-07-10 10:26:53,071 [Worker-0: Creating project "examen_1"] INFO  o.e.m.c.i.e.AbstractTransferListenerAdapter - Downloaded https://repo.maven.apache.org/maven2/org/codehaus/plexus/plexus-archiver/2.1/plexus-archiver-2.1.pom
2024-07-10 10:26:53,080 [Worker-0: Creating project "examen_1"] INFO  o.e.m.c.i.e.AbstractTransferListenerAdapter - Downloading https://repo.maven.apache.org/maven2/org/codehaus/plexus/plexus-utils/3.0/plexus-utils-3.0.pom
2024-07-10 10:26:53,103 [Worker-0: Creating project "examen_1"] INFO  o.e.m.c.i.e.AbstractTransferListenerAdapter - Downloaded https://repo.maven.apache.org/maven2/org/codehaus/plexus/plexus-utils/3.0/plexus-utils-3.0.pom
2024-07-10 10:26:53,111 [Worker-0: Creating project "examen_1"] INFO  o.e.m.c.i.e.AbstractTransferListenerAdapter - Downloading https://repo.maven.apache.org/maven2/org/sonatype/spice/spice-parent/16/spice-parent-16.pom
2024-07-10 10:26:53,158 [Worker-0: Creating project "examen_1"] INFO  o.e.m.c.i.e.AbstractTransferListenerAdapter - Downloaded https://repo.maven.apache.org/maven2/org/sonatype/spice/spice-parent/16/spice-parent-16.pom
2024-07-10 10:26:53,188 [Worker-0: Creating project "examen_1"] INFO  o.e.m.c.i.e.AbstractTransferListenerAdapter - Downloading https://repo.maven.apache.org/maven2/org/codehaus/plexus/plexus-io/2.0.2/plexus-io-2.0.2.pom
2024-07-10 10:26:53,210 [Worker-0: Creating project "examen_1"] INFO  o.e.m.c.i.e.AbstractTransferListenerAdapter - Downloaded https://repo.maven.apache.org/maven2/org/codehaus/plexus/plexus-io/2.0.2/plexus-io-2.0.2.pom
2024-07-10 10:26:53,221 [Worker-0: Creating project "examen_1"] INFO  o.e.m.c.i.e.AbstractTransferListenerAdapter - Downloading https://repo.maven.apache.org/maven2/org/codehaus/plexus/plexus-components/1.1.19/plexus-components-1.1.19.pom
2024-07-10 10:26:53,243 [Worker-0: Creating project "examen_1"] INFO  o.e.m.c.i.e.AbstractTransferListenerAdapter - Downloaded https://repo.maven.apache.org/maven2/org/codehaus/plexus/plexus-components/1.1.19/plexus-components-1.1.19.pom
2024-07-10 10:26:53,253 [Worker-0: Creating project "examen_1"] INFO  o.e.m.c.i.e.AbstractTransferListenerAdapter - Downloading https://repo.maven.apache.org/maven2/org/codehaus/plexus/plexus/3.0.1/plexus-3.0.1.pom
2024-07-10 10:26:53,276 [Worker-0: Creating project "examen_1"] INFO  o.e.m.c.i.e.AbstractTransferListenerAdapter - Downloaded https://repo.maven.apache.org/maven2/org/codehaus/plexus/plexus/3.0.1/plexus-3.0.1.pom
2024-07-10 10:26:53,287 [Worker-0: Creating project "examen_1"] INFO  o.e.m.c.i.e.AbstractTransferListenerAdapter - Downloading https://repo.maven.apache.org/maven2/org/codehaus/plexus/plexus-interpolation/1.15/plexus-interpolation-1.15.pom
2024-07-10 10:26:53,313 [Worker-0: Creating project "examen_1"] INFO  o.e.m.c.i.e.AbstractTransferListenerAdapter - Downloaded https://repo.maven.apache.org/maven2/org/codehaus/plexus/plexus-interpolation/1.15/plexus-interpolation-1.15.pom
2024-07-10 10:26:53,323 [Worker-0: Creating project "examen_1"] INFO  o.e.m.c.i.e.AbstractTransferListenerAdapter - Downloading https://repo.maven.apache.org/maven2/commons-lang/commons-lang/2.1/commons-lang-2.1.pom
2024-07-10 10:26:53,346 [Worker-0: Creating project "examen_1"] INFO  o.e.m.c.i.e.AbstractTransferListenerAdapter - Downloaded https://repo.maven.apache.org/maven2/commons-lang/commons-lang/2.1/commons-lang-2.1.pom
2024-07-10 10:26:53,369 [AetherRepositoryConnector-repo.maven.apache.org-1-0] INFO  o.e.m.c.i.e.AbstractTransferListenerAdapter - Downloading https://repo.maven.apache.org/maven2/org/apache/maven/maven-plugin-api/2.0.6/maven-plugin-api-2.0.6.jar
2024-07-10 10:26:53,373 [AetherRepositoryConnector-repo.maven.apache.org-1-3] INFO  o.e.m.c.i.e.AbstractTransferListenerAdapter - Downloading https://repo.maven.apache.org/maven2/org/apache/maven/maven-profile/2.0.6/maven-profile-2.0.6.jar
2024-07-10 10:26:53,379 [AetherRepositoryConnector-repo.maven.apache.org-1-2] INFO  o.e.m.c.i.e.AbstractTransferListenerAdapter - Downloading https://repo.maven.apache.org/maven2/org/apache/maven/maven-settings/2.0.6/maven-settings-2.0.6.jar
2024-07-10 10:26:53,389 [AetherRepositoryConnector-repo.maven.apache.org-1-4] INFO  o.e.m.c.i.e.AbstractTransferListenerAdapter - Downloading https://repo.maven.apache.org/maven2/org/apache/maven/maven-artifact-manager/2.0.6/maven-artifact-manager-2.0.6.jar
2024-07-10 10:26:53,408 [AetherRepositoryConnector-repo.maven.apache.org-1-1] INFO  o.e.m.c.i.e.AbstractTransferListenerAdapter - Downloading https://repo.maven.apache.org/maven2/org/apache/maven/maven-project/2.0.6/maven-project-2.0.6.jar
2024-07-10 10:26:53,434 [AetherRepositoryConnector-repo.maven.apache.org-1-4] INFO  o.e.m.c.i.e.AbstractTransferListenerAdapter - Downloaded https://repo.maven.apache.org/maven2/org/apache/maven/maven-artifact-manager/2.0.6/maven-artifact-manager-2.0.6.jar
2024-07-10 10:26:53,439 [AetherRepositoryConnector-repo.maven.apache.org-1-4] INFO  o.e.m.c.i.e.AbstractTransferListenerAdapter - Downloading https://repo.maven.apache.org/maven2/org/apache/maven/maven-repository-metadata/2.0.6/maven-repository-metadata-2.0.6.jar
2024-07-10 10:26:53,452 [AetherRepositoryConnector-repo.maven.apache.org-1-1] INFO  o.e.m.c.i.e.AbstractTransferListenerAdapter - Downloaded https://repo.maven.apache.org/maven2/org/apache/maven/maven-project/2.0.6/maven-project-2.0.6.jar
2024-07-10 10:26:53,462 [AetherRepositoryConnector-repo.maven.apache.org-1-1] INFO  o.e.m.c.i.e.AbstractTransferListenerAdapter - Downloading https://repo.maven.apache.org/maven2/org/apache/maven/maven-plugin-registry/2.0.6/maven-plugin-registry-2.0.6.jar
2024-07-10 10:26:53,478 [AetherRepositoryConnector-repo.maven.apache.org-1-0] INFO  o.e.m.c.i.e.AbstractTransferListenerAdapter - Downloaded https://repo.maven.apache.org/maven2/org/apache/maven/maven-plugin-api/2.0.6/maven-plugin-api-2.0.6.jar
2024-07-10 10:26:53,485 [AetherRepositoryConnector-repo.maven.apache.org-1-0] INFO  o.e.m.c.i.e.AbstractTransferListenerAdapter - Downloading https://repo.maven.apache.org/maven2/org/codehaus/plexus/plexus-container-default/1.0-alpha-9-stable-1/plexus-container-default-1.0-alpha-9-stable-1.jar
2024-07-10 10:26:53,545 [AetherRepositoryConnector-repo.maven.apache.org-1-3] INFO  o.e.m.c.i.e.AbstractTransferListenerAdapter - Downloaded https://repo.maven.apache.org/maven2/org/apache/maven/maven-profile/2.0.6/maven-profile-2.0.6.jar
2024-07-10 10:26:53,545 [AetherRepositoryConnector-repo.maven.apache.org-1-4] INFO  o.e.m.c.i.e.AbstractTransferListenerAdapter - Downloaded https://repo.maven.apache.org/maven2/org/apache/maven/maven-repository-metadata/2.0.6/maven-repository-metadata-2.0.6.jar
2024-07-10 10:26:53,550 [AetherRepositoryConnector-repo.maven.apache.org-1-4] INFO  o.e.m.c.i.e.AbstractTransferListenerAdapter - Downloading https://repo.maven.apache.org/maven2/classworlds/classworlds/1.1-alpha-2/classworlds-1.1-alpha-2.jar
2024-07-10 10:26:53,561 [AetherRepositoryConnector-repo.maven.apache.org-1-3] INFO  o.e.m.c.i.e.AbstractTransferListenerAdapter - Downloading https://repo.maven.apache.org/maven2/org/apache/maven/maven-model/2.0.6/maven-model-2.0.6.jar
2024-07-10 10:26:53,584 [AetherRepositoryConnector-repo.maven.apache.org-1-0] INFO  o.e.m.c.i.e.AbstractTransferListenerAdapter - Downloaded https://repo.maven.apache.org/maven2/org/codehaus/plexus/plexus-container-default/1.0-alpha-9-stable-1/plexus-container-default-1.0-alpha-9-stable-1.jar
2024-07-10 10:26:53,589 [AetherRepositoryConnector-repo.maven.apache.org-1-1] INFO  o.e.m.c.i.e.AbstractTransferListenerAdapter - Downloaded https://repo.maven.apache.org/maven2/org/apache/maven/maven-plugin-registry/2.0.6/maven-plugin-registry-2.0.6.jar
2024-07-10 10:26:53,590 [AetherRepositoryConnector-repo.maven.apache.org-1-0] INFO  o.e.m.c.i.e.AbstractTransferListenerAdapter - Downloading https://repo.maven.apache.org/maven2/org/apache/maven/maven-artifact/2.0.6/maven-artifact-2.0.6.jar
2024-07-10 10:26:53,595 [AetherRepositoryConnector-repo.maven.apache.org-1-2] INFO  o.e.m.c.i.e.AbstractTransferListenerAdapter - Downloaded https://repo.maven.apache.org/maven2/org/apache/maven/maven-settings/2.0.6/maven-settings-2.0.6.jar
2024-07-10 10:26:53,604 [AetherRepositoryConnector-repo.maven.apache.org-1-1] INFO  o.e.m.c.i.e.AbstractTransferListenerAdapter - Downloading https://repo.maven.apache.org/maven2/org/apache/maven/maven-archiver/2.5/maven-archiver-2.5.jar
2024-07-10 10:26:53,606 [AetherRepositoryConnector-repo.maven.apache.org-1-2] INFO  o.e.m.c.i.e.AbstractTransferListenerAdapter - Downloading https://repo.maven.apache.org/maven2/org/apache/maven/maven-core/2.0.6/maven-core-2.0.6.jar
2024-07-10 10:26:53,612 [AetherRepositoryConnector-repo.maven.apache.org-1-3] INFO  o.e.m.c.i.e.AbstractTransferListenerAdapter - Downloaded https://repo.maven.apache.org/maven2/org/apache/maven/maven-model/2.0.6/maven-model-2.0.6.jar
2024-07-10 10:26:53,641 [AetherRepositoryConnector-repo.maven.apache.org-1-3] INFO  o.e.m.c.i.e.AbstractTransferListenerAdapter - Downloading https://repo.maven.apache.org/maven2/org/apache/maven/maven-plugin-parameter-documenter/2.0.6/maven-plugin-parameter-documenter-2.0.6.jar
2024-07-10 10:26:53,657 [AetherRepositoryConnector-repo.maven.apache.org-1-0] INFO  o.e.m.c.i.e.AbstractTransferListenerAdapter - Downloaded https://repo.maven.apache.org/maven2/org/apache/maven/maven-artifact/2.0.6/maven-artifact-2.0.6.jar
2024-07-10 10:26:53,661 [AetherRepositoryConnector-repo.maven.apache.org-1-0] INFO  o.e.m.c.i.e.AbstractTransferListenerAdapter - Downloading https://repo.maven.apache.org/maven2/org/apache/maven/reporting/maven-reporting-api/2.0.6/maven-reporting-api-2.0.6.jar
2024-07-10 10:26:53,665 [AetherRepositoryConnector-repo.maven.apache.org-1-2] INFO  o.e.m.c.i.e.AbstractTransferListenerAdapter - Downloaded https://repo.maven.apache.org/maven2/org/apache/maven/maven-core/2.0.6/maven-core-2.0.6.jar
2024-07-10 10:26:53,671 [AetherRepositoryConnector-repo.maven.apache.org-1-2] INFO  o.e.m.c.i.e.AbstractTransferListenerAdapter - Downloading https://repo.maven.apache.org/maven2/org/apache/maven/doxia/doxia-sink-api/1.0-alpha-7/doxia-sink-api-1.0-alpha-7.jar
2024-07-10 10:26:53,707 [AetherRepositoryConnector-repo.maven.apache.org-1-1] INFO  o.e.m.c.i.e.AbstractTransferListenerAdapter - Downloaded https://repo.maven.apache.org/maven2/org/apache/maven/maven-archiver/2.5/maven-archiver-2.5.jar
2024-07-10 10:26:53,714 [AetherRepositoryConnector-repo.maven.apache.org-1-1] INFO  o.e.m.c.i.e.AbstractTransferListenerAdapter - Downloading https://repo.maven.apache.org/maven2/org/apache/maven/maven-error-diagnostics/2.0.6/maven-error-diagnostics-2.0.6.jar
2024-07-10 10:26:53,733 [AetherRepositoryConnector-repo.maven.apache.org-1-3] INFO  o.e.m.c.i.e.AbstractTransferListenerAdapter - Downloaded https://repo.maven.apache.org/maven2/org/apache/maven/maven-plugin-parameter-documenter/2.0.6/maven-plugin-parameter-documenter-2.0.6.jar
2024-07-10 10:26:53,736 [AetherRepositoryConnector-repo.maven.apache.org-1-2] INFO  o.e.m.c.i.e.AbstractTransferListenerAdapter - Downloaded https://repo.maven.apache.org/maven2/org/apache/maven/doxia/doxia-sink-api/1.0-alpha-7/doxia-sink-api-1.0-alpha-7.jar
2024-07-10 10:26:53,738 [AetherRepositoryConnector-repo.maven.apache.org-1-3] INFO  o.e.m.c.i.e.AbstractTransferListenerAdapter - Downloading https://repo.maven.apache.org/maven2/commons-cli/commons-cli/1.0/commons-cli-1.0.jar
2024-07-10 10:26:53,742 [AetherRepositoryConnector-repo.maven.apache.org-1-2] INFO  o.e.m.c.i.e.AbstractTransferListenerAdapter - Downloading https://repo.maven.apache.org/maven2/org/apache/maven/maven-plugin-descriptor/2.0.6/maven-plugin-descriptor-2.0.6.jar
2024-07-10 10:26:53,743 [AetherRepositoryConnector-repo.maven.apache.org-1-0] INFO  o.e.m.c.i.e.AbstractTransferListenerAdapter - Downloaded https://repo.maven.apache.org/maven2/org/apache/maven/reporting/maven-reporting-api/2.0.6/maven-reporting-api-2.0.6.jar
2024-07-10 10:26:53,750 [AetherRepositoryConnector-repo.maven.apache.org-1-0] INFO  o.e.m.c.i.e.AbstractTransferListenerAdapter - Downloading https://repo.maven.apache.org/maven2/org/codehaus/plexus/plexus-interactivity-api/1.0-alpha-4/plexus-interactivity-api-1.0-alpha-4.jar
2024-07-10 10:26:53,751 [AetherRepositoryConnector-repo.maven.apache.org-1-4] INFO  o.e.m.c.i.e.AbstractTransferListenerAdapter - Downloaded https://repo.maven.apache.org/maven2/classworlds/classworlds/1.1-alpha-2/classworlds-1.1-alpha-2.jar
2024-07-10 10:26:53,756 [AetherRepositoryConnector-repo.maven.apache.org-1-4] INFO  o.e.m.c.i.e.AbstractTransferListenerAdapter - Downloading https://repo.maven.apache.org/maven2/org/apache/maven/maven-monitor/2.0.6/maven-monitor-2.0.6.jar
2024-07-10 10:26:53,759 [AetherRepositoryConnector-repo.maven.apache.org-1-3] INFO  o.e.m.c.i.e.AbstractTransferListenerAdapter - Downloaded https://repo.maven.apache.org/maven2/commons-cli/commons-cli/1.0/commons-cli-1.0.jar
2024-07-10 10:26:53,773 [AetherRepositoryConnector-repo.maven.apache.org-1-3] INFO  o.e.m.c.i.e.AbstractTransferListenerAdapter - Downloading https://repo.maven.apache.org/maven2/org/codehaus/plexus/plexus-interpolation/1.15/plexus-interpolation-1.15.jar
2024-07-10 10:26:53,802 [AetherRepositoryConnector-repo.maven.apache.org-1-3] INFO  o.e.m.c.i.e.AbstractTransferListenerAdapter - Downloaded https://repo.maven.apache.org/maven2/org/codehaus/plexus/plexus-interpolation/1.15/plexus-interpolation-1.15.jar
2024-07-10 10:26:53,814 [AetherRepositoryConnector-repo.maven.apache.org-1-3] INFO  o.e.m.c.i.e.AbstractTransferListenerAdapter - Downloading https://repo.maven.apache.org/maven2/org/codehaus/plexus/plexus-archiver/2.1/plexus-archiver-2.1.jar
2024-07-10 10:26:53,842 [AetherRepositoryConnector-repo.maven.apache.org-1-4] INFO  o.e.m.c.i.e.AbstractTransferListenerAdapter - Downloaded https://repo.maven.apache.org/maven2/org/apache/maven/maven-monitor/2.0.6/maven-monitor-2.0.6.jar
2024-07-10 10:26:53,842 [AetherRepositoryConnector-repo.maven.apache.org-1-1] INFO  o.e.m.c.i.e.AbstractTransferListenerAdapter - Downloaded https://repo.maven.apache.org/maven2/org/apache/maven/maven-error-diagnostics/2.0.6/maven-error-diagnostics-2.0.6.jar
2024-07-10 10:26:53,846 [AetherRepositoryConnector-repo.maven.apache.org-1-4] INFO  o.e.m.c.i.e.AbstractTransferListenerAdapter - Downloading https://repo.maven.apache.org/maven2/commons-lang/commons-lang/2.1/commons-lang-2.1.jar
2024-07-10 10:26:53,860 [AetherRepositoryConnector-repo.maven.apache.org-1-1] INFO  o.e.m.c.i.e.AbstractTransferListenerAdapter - Downloading https://repo.maven.apache.org/maven2/org/codehaus/plexus/plexus-io/2.0.2/plexus-io-2.0.2.jar
2024-07-10 10:26:53,868 [AetherRepositoryConnector-repo.maven.apache.org-1-3] INFO  o.e.m.c.i.e.AbstractTransferListenerAdapter - Downloaded https://repo.maven.apache.org/maven2/org/codehaus/plexus/plexus-archiver/2.1/plexus-archiver-2.1.jar
2024-07-10 10:26:53,876 [AetherRepositoryConnector-repo.maven.apache.org-1-3] INFO  o.e.m.c.i.e.AbstractTransferListenerAdapter - Downloading https://repo.maven.apache.org/maven2/org/codehaus/plexus/plexus-utils/3.0/plexus-utils-3.0.jar
2024-07-10 10:26:53,883 [AetherRepositoryConnector-repo.maven.apache.org-1-0] INFO  o.e.m.c.i.e.AbstractTransferListenerAdapter - Downloaded https://repo.maven.apache.org/maven2/org/codehaus/plexus/plexus-interactivity-api/1.0-alpha-4/plexus-interactivity-api-1.0-alpha-4.jar
2024-07-10 10:26:53,916 [AetherRepositoryConnector-repo.maven.apache.org-1-4] INFO  o.e.m.c.i.e.AbstractTransferListenerAdapter - Downloaded https://repo.maven.apache.org/maven2/commons-lang/commons-lang/2.1/commons-lang-2.1.jar
2024-07-10 10:26:53,921 [AetherRepositoryConnector-repo.maven.apache.org-1-1] INFO  o.e.m.c.i.e.AbstractTransferListenerAdapter - Downloaded https://repo.maven.apache.org/maven2/org/codehaus/plexus/plexus-io/2.0.2/plexus-io-2.0.2.jar
2024-07-10 10:26:53,922 [AetherRepositoryConnector-repo.maven.apache.org-1-2] INFO  o.e.m.c.i.e.AbstractTransferListenerAdapter - Downloaded https://repo.maven.apache.org/maven2/org/apache/maven/maven-plugin-descriptor/2.0.6/maven-plugin-descriptor-2.0.6.jar
2024-07-10 10:26:53,946 [AetherRepositoryConnector-repo.maven.apache.org-1-3] INFO  o.e.m.c.i.e.AbstractTransferListenerAdapter - Downloaded https://repo.maven.apache.org/maven2/org/codehaus/plexus/plexus-utils/3.0/plexus-utils-3.0.jar
2024-07-10 10:26:54,416 [Worker-0: Creating project "examen_1"] INFO  o.e.m.c.i.e.AbstractTransferListenerAdapter - Downloading https://repo.maven.apache.org/maven2/org/codehaus/plexus/plexus-utils/2.0.5/plexus-utils-2.0.5.pom
2024-07-10 10:26:54,438 [Worker-0: Creating project "examen_1"] INFO  o.e.m.c.i.e.AbstractTransferListenerAdapter - Downloaded https://repo.maven.apache.org/maven2/org/codehaus/plexus/plexus-utils/2.0.5/plexus-utils-2.0.5.pom
2024-07-10 10:26:54,460 [Worker-0: Creating project "examen_1"] INFO  o.e.m.c.i.e.AbstractTransferListenerAdapter - Downloading https://repo.maven.apache.org/maven2/org/apache/maven/shared/maven-filtering/1.1/maven-filtering-1.1.pom
2024-07-10 10:26:54,483 [Worker-0: Creating project "examen_1"] INFO  o.e.m.c.i.e.AbstractTransferListenerAdapter - Downloaded https://repo.maven.apache.org/maven2/org/apache/maven/shared/maven-filtering/1.1/maven-filtering-1.1.pom
2024-07-10 10:26:54,493 [Worker-0: Creating project "examen_1"] INFO  o.e.m.c.i.e.AbstractTransferListenerAdapter - Downloading https://repo.maven.apache.org/maven2/org/codehaus/plexus/plexus-interpolation/1.12/plexus-interpolation-1.12.pom
2024-07-10 10:26:54,521 [Worker-0: Creating project "examen_1"] INFO  o.e.m.c.i.e.AbstractTransferListenerAdapter - Downloaded https://repo.maven.apache.org/maven2/org/codehaus/plexus/plexus-interpolation/1.12/plexus-interpolation-1.12.pom
2024-07-10 10:26:54,531 [Worker-0: Creating project "examen_1"] INFO  o.e.m.c.i.e.AbstractTransferListenerAdapter - Downloading https://repo.maven.apache.org/maven2/org/sonatype/plexus/plexus-build-api/0.0.4/plexus-build-api-0.0.4.pom
2024-07-10 10:26:54,565 [Worker-0: Creating project "examen_1"] INFO  o.e.m.c.i.e.AbstractTransferListenerAdapter - Downloaded https://repo.maven.apache.org/maven2/org/sonatype/plexus/plexus-build-api/0.0.4/plexus-build-api-0.0.4.pom
2024-07-10 10:26:54,572 [Worker-0: Creating project "examen_1"] INFO  o.e.m.c.i.e.AbstractTransferListenerAdapter - Downloading https://repo.maven.apache.org/maven2/org/sonatype/spice/spice-parent/10/spice-parent-10.pom
2024-07-10 10:26:54,595 [Worker-0: Creating project "examen_1"] INFO  o.e.m.c.i.e.AbstractTransferListenerAdapter - Downloaded https://repo.maven.apache.org/maven2/org/sonatype/spice/spice-parent/10/spice-parent-10.pom
2024-07-10 10:26:54,605 [Worker-0: Creating project "examen_1"] INFO  o.e.m.c.i.e.AbstractTransferListenerAdapter - Downloading https://repo.maven.apache.org/maven2/org/sonatype/forge/forge-parent/3/forge-parent-3.pom
2024-07-10 10:26:54,625 [Worker-0: Creating project "examen_1"] INFO  o.e.m.c.i.e.AbstractTransferListenerAdapter - Downloaded https://repo.maven.apache.org/maven2/org/sonatype/forge/forge-parent/3/forge-parent-3.pom
2024-07-10 10:26:54,646 [Worker-0: Creating project "examen_1"] INFO  o.e.m.c.i.e.AbstractTransferListenerAdapter - Downloading https://repo.maven.apache.org/maven2/org/codehaus/plexus/plexus-interpolation/1.13/plexus-interpolation-1.13.pom
2024-07-10 10:26:54,669 [Worker-0: Creating project "examen_1"] INFO  o.e.m.c.i.e.AbstractTransferListenerAdapter - Downloaded https://repo.maven.apache.org/maven2/org/codehaus/plexus/plexus-interpolation/1.13/plexus-interpolation-1.13.pom
2024-07-10 10:26:54,676 [Worker-0: Creating project "examen_1"] INFO  o.e.m.c.i.e.AbstractTransferListenerAdapter - Downloading https://repo.maven.apache.org/maven2/org/codehaus/plexus/plexus-components/1.1.15/plexus-components-1.1.15.pom
2024-07-10 10:26:54,697 [Worker-0: Creating project "examen_1"] INFO  o.e.m.c.i.e.AbstractTransferListenerAdapter - Downloaded https://repo.maven.apache.org/maven2/org/codehaus/plexus/plexus-components/1.1.15/plexus-components-1.1.15.pom
2024-07-10 10:26:54,718 [AetherRepositoryConnector-repo.maven.apache.org-2-2] INFO  o.e.m.c.i.e.AbstractTransferListenerAdapter - Downloading https://repo.maven.apache.org/maven2/org/apache/maven/shared/maven-filtering/1.1/maven-filtering-1.1.jar
2024-07-10 10:26:54,737 [AetherRepositoryConnector-repo.maven.apache.org-2-1] INFO  o.e.m.c.i.e.AbstractTransferListenerAdapter - Downloading https://repo.maven.apache.org/maven2/org/codehaus/plexus/plexus-utils/2.0.5/plexus-utils-2.0.5.jar
2024-07-10 10:26:54,764 [AetherRepositoryConnector-repo.maven.apache.org-2-3] INFO  o.e.m.c.i.e.AbstractTransferListenerAdapter - Downloading https://repo.maven.apache.org/maven2/org/sonatype/plexus/plexus-build-api/0.0.4/plexus-build-api-0.0.4.jar
2024-07-10 10:26:54,764 [AetherRepositoryConnector-repo.maven.apache.org-2-0] INFO  o.e.m.c.i.e.AbstractTransferListenerAdapter - Downloading https://repo.maven.apache.org/maven2/classworlds/classworlds/1.1/classworlds-1.1.jar
2024-07-10 10:26:54,764 [AetherRepositoryConnector-repo.maven.apache.org-2-4] INFO  o.e.m.c.i.e.AbstractTransferListenerAdapter - Downloading https://repo.maven.apache.org/maven2/org/codehaus/plexus/plexus-interpolation/1.13/plexus-interpolation-1.13.jar
2024-07-10 10:26:54,824 [AetherRepositoryConnector-repo.maven.apache.org-2-4] INFO  o.e.m.c.i.e.AbstractTransferListenerAdapter - Downloaded https://repo.maven.apache.org/maven2/org/codehaus/plexus/plexus-interpolation/1.13/plexus-interpolation-1.13.jar
2024-07-10 10:26:54,835 [AetherRepositoryConnector-repo.maven.apache.org-2-1] INFO  o.e.m.c.i.e.AbstractTransferListenerAdapter - Downloaded https://repo.maven.apache.org/maven2/org/codehaus/plexus/plexus-utils/2.0.5/plexus-utils-2.0.5.jar
2024-07-10 10:26:54,841 [AetherRepositoryConnector-repo.maven.apache.org-2-3] INFO  o.e.m.c.i.e.AbstractTransferListenerAdapter - Downloaded https://repo.maven.apache.org/maven2/org/sonatype/plexus/plexus-build-api/0.0.4/plexus-build-api-0.0.4.jar
2024-07-10 10:26:54,918 [AetherRepositoryConnector-repo.maven.apache.org-2-2] INFO  o.e.m.c.i.e.AbstractTransferListenerAdapter - Downloaded https://repo.maven.apache.org/maven2/org/apache/maven/shared/maven-filtering/1.1/maven-filtering-1.1.jar
2024-07-10 10:26:54,969 [AetherRepositoryConnector-repo.maven.apache.org-2-0] INFO  o.e.m.c.i.e.AbstractTransferListenerAdapter - Downloaded https://repo.maven.apache.org/maven2/classworlds/classworlds/1.1/classworlds-1.1.jar
2024-07-10 10:26:55,131 [Worker-0: Creating project "examen_1"] INFO  o.e.m.j.i.AbstractJavaProjectConfigurator - Adding source folder /examen_1/src/main/java
2024-07-10 10:26:55,134 [Worker-0: Creating project "examen_1"] INFO  o.e.m.j.i.AbstractJavaProjectConfigurator - Adding resource folder /examen_1/src/main/resources
2024-07-10 10:26:55,134 [Worker-0: Creating project "examen_1"] INFO  o.e.m.j.i.AbstractJavaProjectConfigurator - Adding source folder /examen_1/src/test/java
2024-07-10 10:26:55,135 [Worker-0: Creating project "examen_1"] INFO  o.e.m.j.i.AbstractJavaProjectConfigurator - Adding resource folder /examen_1/src/test/resources
2024-07-10 10:26:56,015 [Worker-14: Building] WARN  o.e.m.c.i.embedder.EclipseLogger - Using platform encoding (Cp1252 actually) to copy filtered resources, i.e. build is platform dependent!
2024-07-10 10:26:56,021 [Worker-14: Building] INFO  o.e.m.c.i.embedder.EclipseLogger - Copying 0 resource
2024-07-10 10:26:56,024 [Worker-14: Building] WARN  o.e.m.c.i.embedder.EclipseLogger - Using platform encoding (Cp1252 actually) to copy filtered resources, i.e. build is platform dependent!
2024-07-10 10:26:56,025 [Worker-14: Building] INFO  o.e.m.c.i.embedder.EclipseLogger - Copying 0 resource
2024-07-10 10:27:43,282 [Worker-15: Building] WARN  o.e.m.c.i.embedder.EclipseLogger - Using platform encoding (Cp1252 actually) to copy filtered resources, i.e. build is platform dependent!
2024-07-10 10:27:43,287 [Worker-15: Building] INFO  o.e.m.c.i.embedder.EclipseLogger - Copying 0 resource
2024-07-10 10:27:43,289 [Worker-15: Building] WARN  o.e.m.c.i.embedder.EclipseLogger - Using platform encoding (Cp1252 actually) to copy filtered resources, i.e. build is platform dependent!
2024-07-10 10:27:43,290 [Worker-15: Building] INFO  o.e.m.c.i.embedder.EclipseLogger - Copying 0 resource
2024-07-10 10:27:49,466 [Worker-13: Building] WARN  o.e.m.c.i.embedder.EclipseLogger - Using platform encoding (Cp1252 actually) to copy filtered resources, i.e. build is platform dependent!
2024-07-10 10:27:49,467 [Worker-13: Building] INFO  o.e.m.c.i.embedder.EclipseLogger - Copying 0 resource
2024-07-10 10:27:49,469 [Worker-13: Building] WARN  o.e.m.c.i.embedder.EclipseLogger - Using platform encoding (Cp1252 actually) to copy filtered resources, i.e. build is platform dependent!
2024-07-10 10:27:49,469 [Worker-13: Building] INFO  o.e.m.c.i.embedder.EclipseLogger - Copying 0 resource
2024-07-10 10:29:07,388 [Worker-19: Building] WARN  o.e.m.c.i.embedder.EclipseLogger - Using platform encoding (Cp1252 actually) to copy filtered resources, i.e. build is platform dependent!
2024-07-10 10:29:07,389 [Worker-19: Building] INFO  o.e.m.c.i.embedder.EclipseLogger - Copying 0 resource
2024-07-10 10:29:07,391 [Worker-19: Building] WARN  o.e.m.c.i.embedder.EclipseLogger - Using platform encoding (Cp1252 actually) to copy filtered resources, i.e. build is platform dependent!
2024-07-10 10:29:07,392 [Worker-19: Building] INFO  o.e.m.c.i.embedder.EclipseLogger - Copying 0 resource
2024-07-10 10:29:08,451 [Worker-11: Building] WARN  o.e.m.c.i.embedder.EclipseLogger - Using platform encoding (Cp1252 actually) to copy filtered resources, i.e. build is platform dependent!
2024-07-10 10:29:08,452 [Worker-11: Building] INFO  o.e.m.c.i.embedder.EclipseLogger - Copying 0 resource
2024-07-10 10:29:08,453 [Worker-11: Building] WARN  o.e.m.c.i.embedder.EclipseLogger - Using platform encoding (Cp1252 actually) to copy filtered resources, i.e. build is platform dependent!
2024-07-10 10:29:08,454 [Worker-11: Building] INFO  o.e.m.c.i.embedder.EclipseLogger - Copying 0 resource
2024-07-10 10:42:34,578 [Worker-26: Building] WARN  o.e.m.c.i.embedder.EclipseLogger - Using platform encoding (Cp1252 actually) to copy filtered resources, i.e. build is platform dependent!
2024-07-10 10:42:34,580 [Worker-26: Building] INFO  o.e.m.c.i.embedder.EclipseLogger - Copying 0 resource
2024-07-10 10:42:34,582 [Worker-26: Building] WARN  o.e.m.c.i.embedder.EclipseLogger - Using platform encoding (Cp1252 actually) to copy filtered resources, i.e. build is platform dependent!
2024-07-10 10:42:34,583 [Worker-26: Building] INFO  o.e.m.c.i.embedder.EclipseLogger - Copying 0 resource
2024-07-10 10:47:19,000 [Worker-28: Building] WARN  o.e.m.c.i.embedder.EclipseLogger - Using platform encoding (Cp1252 actually) to copy filtered resources, i.e. build is platform dependent!
2024-07-10 10:47:19,001 [Worker-28: Building] INFO  o.e.m.c.i.embedder.EclipseLogger - Copying 0 resource
2024-07-10 10:47:19,003 [Worker-28: Building] WARN  o.e.m.c.i.embedder.EclipseLogger - Using platform encoding (Cp1252 actually) to copy filtered resources, i.e. build is platform dependent!
2024-07-10 10:47:19,004 [Worker-28: Building] INFO  o.e.m.c.i.embedder.EclipseLogger - Copying 0 resource
2024-07-10 11:52:13,784 [Worker-44: Launching main] WARN  o.e.m.c.i.embedder.EclipseLogger - Using platform encoding (Cp1252 actually) to copy filtered resources, i.e. build is platform dependent!
2024-07-10 11:52:13,789 [Worker-44: Launching main] INFO  o.e.m.c.i.embedder.EclipseLogger - Copying 0 resource
2024-07-10 11:52:13,791 [Worker-44: Launching main] WARN  o.e.m.c.i.embedder.EclipseLogger - Using platform encoding (Cp1252 actually) to copy filtered resources, i.e. build is platform dependent!
2024-07-10 11:52:13,792 [Worker-44: Launching main] INFO  o.e.m.c.i.embedder.EclipseLogger - Copying 0 resource
2024-07-10 11:58:35,533 [Worker-47: Launching main] WARN  o.e.m.c.i.embedder.EclipseLogger - Using platform encoding (Cp1252 actually) to copy filtered resources, i.e. build is platform dependent!
2024-07-10 11:58:35,534 [Worker-47: Launching main] INFO  o.e.m.c.i.embedder.EclipseLogger - Copying 0 resource
2024-07-10 11:58:35,535 [Worker-47: Launching main] WARN  o.e.m.c.i.embedder.EclipseLogger - Using platform encoding (Cp1252 actually) to copy filtered resources, i.e. build is platform dependent!
2024-07-10 11:58:35,536 [Worker-47: Launching main] INFO  o.e.m.c.i.embedder.EclipseLogger - Copying 0 resource
2024-07-10 12:01:48,543 [Worker-49: Launching main] WARN  o.e.m.c.i.embedder.EclipseLogger - Using platform encoding (Cp1252 actually) to copy filtered resources, i.e. build is platform dependent!
2024-07-10 12:01:48,544 [Worker-49: Launching main] INFO  o.e.m.c.i.embedder.EclipseLogger - Copying 0 resource
2024-07-10 12:01:48,546 [Worker-49: Launching main] WARN  o.e.m.c.i.embedder.EclipseLogger - Using platform encoding (Cp1252 actually) to copy filtered resources, i.e. build is platform dependent!
2024-07-10 12:01:48,547 [Worker-49: Launching main] INFO  o.e.m.c.i.embedder.EclipseLogger - Copying 0 resource
2024-07-10 12:04:21,201 [Worker-46: Launching main] WARN  o.e.m.c.i.embedder.EclipseLogger - Using platform encoding (Cp1252 actually) to copy filtered resources, i.e. build is platform dependent!
2024-07-10 12:04:21,203 [Worker-46: Launching main] INFO  o.e.m.c.i.embedder.EclipseLogger - Copying 0 resource
2024-07-10 12:04:21,206 [Worker-46: Launching main] WARN  o.e.m.c.i.embedder.EclipseLogger - Using platform encoding (Cp1252 actually) to copy filtered resources, i.e. build is platform dependent!
2024-07-10 12:04:21,207 [Worker-46: Launching main] INFO  o.e.m.c.i.embedder.EclipseLogger - Copying 0 resource
2024-07-10 12:05:24,061 [Worker-54: Launching main] WARN  o.e.m.c.i.embedder.EclipseLogger - Using platform encoding (Cp1252 actually) to copy filtered resources, i.e. build is platform dependent!
2024-07-10 12:05:24,062 [Worker-54: Launching main] INFO  o.e.m.c.i.embedder.EclipseLogger - Copying 0 resource
2024-07-10 12:05:24,064 [Worker-54: Launching main] WARN  o.e.m.c.i.embedder.EclipseLogger - Using platform encoding (Cp1252 actually) to copy filtered resources, i.e. build is platform dependent!
2024-07-10 12:05:24,065 [Worker-54: Launching main] INFO  o.e.m.c.i.embedder.EclipseLogger - Copying 0 resource
2024-07-10 12:06:39,729 [Worker-36: Launching main] WARN  o.e.m.c.i.embedder.EclipseLogger - Using platform encoding (Cp1252 actually) to copy filtered resources, i.e. build is platform dependent!
2024-07-10 12:06:39,729 [Worker-36: Launching main] INFO  o.e.m.c.i.embedder.EclipseLogger - Copying 0 resource
2024-07-10 12:06:39,731 [Worker-36: Launching main] WARN  o.e.m.c.i.embedder.EclipseLogger - Using platform encoding (Cp1252 actually) to copy filtered resources, i.e. build is platform dependent!
2024-07-10 12:06:39,732 [Worker-36: Launching main] INFO  o.e.m.c.i.embedder.EclipseLogger - Copying 0 resource
2024-07-10 12:20:10,215 [Worker-55: Launching main] WARN  o.e.m.c.i.embedder.EclipseLogger - Using platform encoding (Cp1252 actually) to copy filtered resources, i.e. build is platform dependent!
2024-07-10 12:20:10,217 [Worker-55: Launching main] INFO  o.e.m.c.i.embedder.EclipseLogger - Copying 0 resource
2024-07-10 12:20:10,218 [Worker-55: Launching main] WARN  o.e.m.c.i.embedder.EclipseLogger - Using platform encoding (Cp1252 actually) to copy filtered resources, i.e. build is platform dependent!
2024-07-10 12:20:10,219 [Worker-55: Launching main] INFO  o.e.m.c.i.embedder.EclipseLogger - Copying 0 resource
2024-07-10 12:26:52,325 [Worker-44: Launching main] WARN  o.e.m.c.i.embedder.EclipseLogger - Using platform encoding (Cp1252 actually) to copy filtered resources, i.e. build is platform dependent!
2024-07-10 12:26:52,327 [Worker-44: Launching main] INFO  o.e.m.c.i.embedder.EclipseLogger - Copying 0 resource
2024-07-10 12:26:52,330 [Worker-44: Launching main] WARN  o.e.m.c.i.embedder.EclipseLogger - Using platform encoding (Cp1252 actually) to copy filtered resources, i.e. build is platform dependent!
2024-07-10 12:26:52,331 [Worker-44: Launching main] INFO  o.e.m.c.i.embedder.EclipseLogger - Copying 0 resource
2024-07-10 12:27:08,789 [Worker-59: Launching main] WARN  o.e.m.c.i.embedder.EclipseLogger - Using platform encoding (Cp1252 actually) to copy filtered resources, i.e. build is platform dependent!
2024-07-10 12:27:08,790 [Worker-59: Launching main] INFO  o.e.m.c.i.embedder.EclipseLogger - Copying 0 resource
2024-07-10 12:27:08,792 [Worker-59: Launching main] WARN  o.e.m.c.i.embedder.EclipseLogger - Using platform encoding (Cp1252 actually) to copy filtered resources, i.e. build is platform dependent!
2024-07-10 12:27:08,792 [Worker-59: Launching main] INFO  o.e.m.c.i.embedder.EclipseLogger - Copying 0 resource
2024-07-10 12:45:08,034 [Worker-59: Launching main] WARN  o.e.m.c.i.embedder.EclipseLogger - Using platform encoding (Cp1252 actually) to copy filtered resources, i.e. build is platform dependent!
2024-07-10 12:45:08,036 [Worker-59: Launching main] INFO  o.e.m.c.i.embedder.EclipseLogger - Copying 0 resource
2024-07-10 12:45:08,038 [Worker-59: Launching main] WARN  o.e.m.c.i.embedder.EclipseLogger - Using platform encoding (Cp1252 actually) to copy filtered resources, i.e. build is platform dependent!
2024-07-10 12:45:08,039 [Worker-59: Launching main] INFO  o.e.m.c.i.embedder.EclipseLogger - Copying 0 resource
2024-07-10 12:50:14,380 [Worker-71: Launching main] WARN  o.e.m.c.i.embedder.EclipseLogger - Using platform encoding (Cp1252 actually) to copy filtered resources, i.e. build is platform dependent!
2024-07-10 12:50:14,382 [Worker-71: Launching main] INFO  o.e.m.c.i.embedder.EclipseLogger - Copying 0 resource
2024-07-10 12:50:14,383 [Worker-71: Launching main] WARN  o.e.m.c.i.embedder.EclipseLogger - Using platform encoding (Cp1252 actually) to copy filtered resources, i.e. build is platform dependent!
2024-07-10 12:50:14,384 [Worker-71: Launching main] INFO  o.e.m.c.i.embedder.EclipseLogger - Copying 0 resource
2024-07-10 12:59:38,693 [Worker-2: Loading available Gradle versions] INFO  o.e.b.c.i.u.g.PublishedGradleVersions - Gradle version information cache is up-to-date. Trying to read.
2024-07-10 13:02:47,597 [Worker-0: Loading available Gradle versions] INFO  o.e.b.c.i.u.g.PublishedGradleVersions - Gradle version information cache is up-to-date. Trying to read.
2024-07-10 13:15:38,881 [Worker-0: Loading available Gradle versions] INFO  o.e.b.c.i.u.g.PublishedGradleVersions - Gradle version information cache is up-to-date. Trying to read.
2024-07-10 13:16:35,950 [Worker-0: Loading available Gradle versions] INFO  o.e.b.c.i.u.g.PublishedGradleVersions - Gradle version information cache is up-to-date. Trying to read.
2024-07-10 13:16:42,016 [Worker-4: Updating Maven Dependencies] ERROR o.e.m.j.i.l.MavenLaunchConfigurationListener - Launch configuration main references non-existing project examen_1.
org.eclipse.core.runtime.CoreException: Launch configuration main references non-existing project examen_1.
	at org.eclipse.jdt.launching.JavaRuntime.abort(JavaRuntime.java:1861)
	at org.eclipse.jdt.launching.JavaRuntime.getJavaProject(JavaRuntime.java:1736)
	at org.eclipse.m2e.jdt.internal.launch.MavenLaunchConfigurationListener.updateLaunchConfiguration(MavenLaunchConfigurationListener.java:64)
	at org.eclipse.m2e.jdt.internal.launch.MavenLaunchConfigurationListener.launchConfigurationChanged(MavenLaunchConfigurationListener.java:50)
	at org.eclipse.debug.internal.core.LaunchManager$ConfigurationNotifier.run(LaunchManager.java:225)
	at org.eclipse.core.runtime.SafeRunner.run(SafeRunner.java:45)
	at org.eclipse.debug.internal.core.LaunchManager$ConfigurationNotifier.notify(LaunchManager.java:209)
	at org.eclipse.debug.internal.core.LaunchConfigurationWorkingCopy.setDirty(LaunchConfigurationWorkingCopy.java:524)
	at org.eclipse.debug.internal.core.LaunchConfigurationWorkingCopy.setAttribute(LaunchConfigurationWorkingCopy.java:412)
	at org.eclipse.m2e.jdt.internal.launch.MavenRuntimeClasspathProvider.disable(MavenRuntimeClasspathProvider.java:410)
	at org.eclipse.m2e.jdt.internal.launch.MavenRuntimeClasspathProvider.disable(MavenRuntimeClasspathProvider.java:436)
	at org.eclipse.m2e.jdt.internal.launch.MavenLaunchConfigurationListener.mavenProjectChanged(MavenLaunchConfigurationListener.java:135)
	at org.eclipse.m2e.core.internal.project.registry.ProjectRegistryManager.notifyProjectChangeListeners(ProjectRegistryManager.java:832)
	at org.eclipse.m2e.core.internal.project.registry.ProjectRegistryManager.applyMutableProjectRegistry(ProjectRegistryManager.java:985)
	at org.eclipse.m2e.core.internal.project.registry.ProjectRegistryRefreshJob.lambda$0(ProjectRegistryRefreshJob.java:162)
	at org.eclipse.m2e.core.internal.embedder.MavenExecutionContext.executeBare(MavenExecutionContext.java:364)
	at org.eclipse.m2e.core.internal.embedder.MavenExecutionContext.execute(MavenExecutionContext.java:274)
	at org.eclipse.m2e.core.internal.embedder.MavenExecutionContext.execute(MavenExecutionContext.java:213)
	at org.eclipse.m2e.core.internal.project.registry.ProjectRegistryRefreshJob.run(ProjectRegistryRefreshJob.java:106)
	at org.eclipse.core.internal.jobs.Worker.run(Worker.java:63)
2024-07-10 13:16:42,019 [Worker-4: Updating Maven Dependencies] ERROR o.e.m.j.i.l.MavenLaunchConfigurationListener - Launch configuration main references non-existing project examen_1.
org.eclipse.core.runtime.CoreException: Launch configuration main references non-existing project examen_1.
	at org.eclipse.jdt.launching.JavaRuntime.abort(JavaRuntime.java:1861)
	at org.eclipse.jdt.launching.JavaRuntime.getJavaProject(JavaRuntime.java:1736)
	at org.eclipse.m2e.jdt.internal.launch.MavenLaunchConfigurationListener.updateLaunchConfiguration(MavenLaunchConfigurationListener.java:64)
	at org.eclipse.m2e.jdt.internal.launch.MavenLaunchConfigurationListener.launchConfigurationChanged(MavenLaunchConfigurationListener.java:50)
	at org.eclipse.debug.internal.core.LaunchManager$ConfigurationNotifier.run(LaunchManager.java:225)
	at org.eclipse.core.runtime.SafeRunner.run(SafeRunner.java:45)
	at org.eclipse.debug.internal.core.LaunchManager$ConfigurationNotifier.notify(LaunchManager.java:209)
	at org.eclipse.debug.internal.core.LaunchConfigurationWorkingCopy.setDirty(LaunchConfigurationWorkingCopy.java:524)
	at org.eclipse.debug.internal.core.LaunchConfigurationWorkingCopy.setAttribute(LaunchConfigurationWorkingCopy.java:412)
	at org.eclipse.m2e.jdt.internal.launch.MavenRuntimeClasspathProvider.disable(MavenRuntimeClasspathProvider.java:411)
	at org.eclipse.m2e.jdt.internal.launch.MavenRuntimeClasspathProvider.disable(MavenRuntimeClasspathProvider.java:436)
	at org.eclipse.m2e.jdt.internal.launch.MavenLaunchConfigurationListener.mavenProjectChanged(MavenLaunchConfigurationListener.java:135)
	at org.eclipse.m2e.core.internal.project.registry.ProjectRegistryManager.notifyProjectChangeListeners(ProjectRegistryManager.java:832)
	at org.eclipse.m2e.core.internal.project.registry.ProjectRegistryManager.applyMutableProjectRegistry(ProjectRegistryManager.java:985)
	at org.eclipse.m2e.core.internal.project.registry.ProjectRegistryRefreshJob.lambda$0(ProjectRegistryRefreshJob.java:162)
	at org.eclipse.m2e.core.internal.embedder.MavenExecutionContext.executeBare(MavenExecutionContext.java:364)
	at org.eclipse.m2e.core.internal.embedder.MavenExecutionContext.execute(MavenExecutionContext.java:274)
	at org.eclipse.m2e.core.internal.embedder.MavenExecutionContext.execute(MavenExecutionContext.java:213)
	at org.eclipse.m2e.core.internal.project.registry.ProjectRegistryRefreshJob.run(ProjectRegistryRefreshJob.java:106)
	at org.eclipse.core.internal.jobs.Worker.run(Worker.java:63)
2024-07-10 13:16:42,030 [Worker-4: Updating Maven Dependencies] ERROR o.e.m.j.i.l.MavenLaunchConfigurationListener - Launch configuration main references non-existing project examen_1.
org.eclipse.core.runtime.CoreException: Launch configuration main references non-existing project examen_1.
	at org.eclipse.jdt.launching.JavaRuntime.abort(JavaRuntime.java:1861)
	at org.eclipse.jdt.launching.JavaRuntime.getJavaProject(JavaRuntime.java:1736)
	at org.eclipse.m2e.jdt.internal.launch.MavenLaunchConfigurationListener.updateLaunchConfiguration(MavenLaunchConfigurationListener.java:64)
	at org.eclipse.m2e.jdt.internal.launch.MavenLaunchConfigurationListener.launchConfigurationChanged(MavenLaunchConfigurationListener.java:50)
	at org.eclipse.debug.internal.core.LaunchManager$ConfigurationNotifier.run(LaunchManager.java:225)
	at org.eclipse.core.runtime.SafeRunner.run(SafeRunner.java:45)
	at org.eclipse.debug.internal.core.LaunchManager$ConfigurationNotifier.notify(LaunchManager.java:209)
	at org.eclipse.debug.internal.core.LaunchManager.launchConfigurationChanged(LaunchManager.java:2147)
	at org.eclipse.debug.internal.core.LaunchConfigurationWorkingCopy.writeNewFile(LaunchConfigurationWorkingCopy.java:377)
	at org.eclipse.debug.internal.core.LaunchConfigurationWorkingCopy.doSave0(LaunchConfigurationWorkingCopy.java:259)
	at org.eclipse.debug.internal.core.LaunchConfigurationWorkingCopy.doSave(LaunchConfigurationWorkingCopy.java:229)
	at org.eclipse.debug.internal.core.LaunchConfigurationWorkingCopy.doSave(LaunchConfigurationWorkingCopy.java:187)
	at org.eclipse.m2e.jdt.internal.launch.MavenRuntimeClasspathProvider.disable(MavenRuntimeClasspathProvider.java:412)
	at org.eclipse.m2e.jdt.internal.launch.MavenRuntimeClasspathProvider.disable(MavenRuntimeClasspathProvider.java:436)
	at org.eclipse.m2e.jdt.internal.launch.MavenLaunchConfigurationListener.mavenProjectChanged(MavenLaunchConfigurationListener.java:135)
	at org.eclipse.m2e.core.internal.project.registry.ProjectRegistryManager.notifyProjectChangeListeners(ProjectRegistryManager.java:832)
	at org.eclipse.m2e.core.internal.project.registry.ProjectRegistryManager.applyMutableProjectRegistry(ProjectRegistryManager.java:985)
	at org.eclipse.m2e.core.internal.project.registry.ProjectRegistryRefreshJob.lambda$0(ProjectRegistryRefreshJob.java:162)
	at org.eclipse.m2e.core.internal.embedder.MavenExecutionContext.executeBare(MavenExecutionContext.java:364)
	at org.eclipse.m2e.core.internal.embedder.MavenExecutionContext.execute(MavenExecutionContext.java:274)
	at org.eclipse.m2e.core.internal.embedder.MavenExecutionContext.execute(MavenExecutionContext.java:213)
	at org.eclipse.m2e.core.internal.project.registry.ProjectRegistryRefreshJob.run(ProjectRegistryRefreshJob.java:106)
	at org.eclipse.core.internal.jobs.Worker.run(Worker.java:63)
2024-07-10 13:16:51,945 [Worker-1: Building] INFO  o.e.m.c.i.l.LifecycleMappingFactory - Using org.eclipse.m2e.jdt.JarLifecycleMapping lifecycle mapping for MavenProject: ar.edu.et32:examen_1:0.0.1-SNAPSHOT @ C:\Users\Redes-04\Documents\GitHub\ProgSobreRedes\examen_1\pom.xml.
2024-07-10 13:16:52,257 [Worker-1: Building] WARN  o.e.m.c.i.embedder.EclipseLogger - Using platform encoding (Cp1252 actually) to copy filtered resources, i.e. build is platform dependent!
2024-07-10 13:16:52,262 [Worker-1: Building] INFO  o.e.m.c.i.embedder.EclipseLogger - Copying 0 resource
2024-07-10 13:16:52,265 [Worker-1: Building] WARN  o.e.m.c.i.embedder.EclipseLogger - Using platform encoding (Cp1252 actually) to copy filtered resources, i.e. build is platform dependent!
2024-07-10 13:16:52,266 [Worker-1: Building] INFO  o.e.m.c.i.embedder.EclipseLogger - Copying 0 resource
2024-07-10 13:16:53,203 [Worker-5: Updating Maven Dependencies] INFO  o.e.m.c.i.l.LifecycleMappingFactory - Using org.eclipse.m2e.jdt.JarLifecycleMapping lifecycle mapping for MavenProject: ar.edu.et32:examen_1:0.0.1-SNAPSHOT @ C:\Users\Redes-04\Documents\GitHub\ProgSobreRedes\examen_1\pom.xml.
2024-07-10 13:16:53,470 [Worker-7: Building] WARN  o.e.m.c.i.embedder.EclipseLogger - Using platform encoding (Cp1252 actually) to copy filtered resources, i.e. build is platform dependent!
2024-07-10 13:16:53,472 [Worker-7: Building] INFO  o.e.m.c.i.embedder.EclipseLogger - Copying 0 resource
2024-07-10 13:16:53,475 [Worker-7: Building] WARN  o.e.m.c.i.embedder.EclipseLogger - Using platform encoding (Cp1252 actually) to copy filtered resources, i.e. build is platform dependent!
2024-07-10 13:16:53,476 [Worker-7: Building] INFO  o.e.m.c.i.embedder.EclipseLogger - Copying 0 resource
